date,shop,staff,item,price,quantity
2018/2/1,New York,Kory,itemA,290000,1
2018/2/1,New York,Kory,itemB,160000,1
2018/2/1,New York,Kory,itemC,14000,1
2018/2/1,San Francisco,Rose,itemD,570000,3
2018/2/1,New York,Kory,itemE,11100,1
2018/2/1,New York,Kory,itemE,11100,1
2018/2/1,New York,Kory,itemE,11100,1
2018/2/1,San Francisco,Rose,itemF,67000,1
2018/2/1,San Francisco,Rose,itemG,65000,1
2018/2/1,San Francisco,Rose,itemG,65000,1
2018/2/1,San Francisco,Rose,itemE,11100,1
2018/2/1,San Francisco,Rose,itemD,570000,1
2018/2/1,San Francisco,Rose,itemE,11100,1
2018/2/1,San Francisco,Rose,itemG,65000,1
2018/2/1,San Francisco,Richard,itemE,11100,1
2018/2/1,San Francisco,Richard,itemD,570000,1
2018/2/1,San Francisco,Richard,itemH,3880,2
2018/2/1,San Francisco,Richard,itemG,65000,1
2018/2/1,New York,Kory,itemB,160000,1
2018/2/1,San Francisco,Rose,itemF,67000,1
2018/2/1,San Francisco,Rose,itemF,67000,1
2018/2/1,San Francisco,Rose,itemF,67000,1
2018/2/1,San Francisco,Rose,itemF,67000,1
2018/2/1,San Francisco,Rose,itemB,160000,1
2018/2/1,San Francisco,Rose,itemB,160000,1
2018/2/1,San Francisco,Rose,itemE,11100,1
2018/2/1,San Francisco,Rose,itemF,67000,1
2018/2/1,San Francisco,Rose,itemA,290000,1
2018/2/1,New York,Kory,itemA,290000,1
2018/2/1,San Francisco,Richard,itemB,160000,2
2018/2/1,San Francisco,Richard,itemE,11100,1
2018/2/1,San Francisco,Richard,itemE,11100,1
2018/2/1,San Francisco,Richard,itemE,11100,1
2018/2/1,San Francisco,Richard,itemD,570000,1
2018/2/1,San Francisco,Richard,itemE,11100,1
2018/2/1,San Francisco,Richard,itemE,11100,1
2018/2/1,New York,Kory,itemA,290000,3
2018/2/1,New York,Kory,itemE,11100,1
2018/2/1,New York,Kory,itemB,160000,5
2018/2/1,New York,Kory,itemF,67000,1
2018/2/1,New York,Kory,itemF,67000,1
2018/2/1,New York,Kory,itemF,67000,1
2018/2/1,New York,Kory,itemB,160000,1
2018/2/1,New York,Kory,itemF,67000,1
2018/2/1,New York,Kory,itemA,290000,1
2018/2/1,San Francisco,Rose,itemG,65000,1
2018/2/1,New York,Kory,itemE,11100,1
2018/2/1,New York,Kory,itemG,65000,1
2018/2/1,New York,Kory,itemG,65000,1
2018/2/1,New York,Kory,itemH,3880,1
2018/2/1,San Francisco,Rose,itemD,570000,1
2018/2/1,San Francisco,Rose,itemE,11100,1
2018/2/1,San Francisco,Richard,itemD,570000,1
2018/2/1,San Francisco,Richard,itemB,160000,1
2018/2/1,New York,Kory,itemD,570000,1
2018/2/1,San Francisco,Rose,itemB,160000,1
2018/2/1,San Francisco,Rose,itemA,290000,1
2018/2/1,San Francisco,Rose,itemA,290000,1
2018/2/1,San Francisco,Rose,itemC,14000,1
2018/2/2,Chicago,Dawn,itemD,570000,1
2018/2/2,New York,Dawn,itemA,290000,1
2018/2/2,New York,Dawn,itemG,65000,1
2018/2/2,New York,Dawn,itemA,290000,1
2018/2/2,New York,Dawn,itemE,11100,1
2018/2/2,New York,Dawn,itemE,11100,1
2018/2/2,New York,Dawn,itemE,11100,1
2018/2/2,New York,Dawn,itemE,11100,1
2018/2/2,New York,Dawn,itemE,11100,1
2018/2/2,New York,Dawn,itemD,570000,1
2018/2/2,New York,Dawn,itemC,14000,1
2018/2/2,New York,Dawn,itemC,14000,1
2018/2/2,New York,Dawn,itemB,160000,1
2018/2/2,San Francisco,Richard,itemB,160000,2
2018/2/2,San Francisco,Richard,itemC,14000,1
2018/2/2,San Francisco,Richard,itemE,11100,1
2018/2/2,San Francisco,Richard,itemB,160000,2
2018/2/2,San Francisco,Richard,itemB,160000,1
2018/2/2,San Francisco,Richard,itemA,290000,1
2018/2/2,San Francisco,Richard,itemI,1910,1
2018/2/2,San Francisco,Richard,itemA,290000,1
2018/2/2,New York,Dawn,itemG,65000,3
2018/2/2,San Francisco,Richard,itemA,290000,1
2018/2/2,San Francisco,Richard,itemB,160000,13
2018/2/2,San Francisco,Richard,itemF,67000,1
2018/2/2,San Francisco,Richard,itemB,160000,1
2018/2/2,San Francisco,Richard,itemF,67000,1
2018/2/2,San Francisco,Richard,itemB,160000,1
2018/2/2,San Francisco,Richard,itemF,67000,1
2018/2/2,New York,Dawn,itemA,290000,1
2018/2/2,San Francisco,Richard,itemG,65000,1
2018/2/2,San Francisco,Richard,itemG,65000,1
2018/2/2,San Francisco,Richard,itemG,65000,1
2018/2/3,New York,Dawn,itemA,290000,1
2018/2/3,New York,Dawn,itemD,570000,1
2018/2/3,New York,Dawn,itemD,570000,1
2018/2/3,New York,Dawn,itemE,11100,1
2018/2/3,New York,Dawn,itemE,11100,1
2018/2/3,New York,Dawn,itemD,570000,1
2018/2/3,Chicago,Donna,itemG,65000,1
2018/2/3,New York,Dawn,itemD,570000,1
2018/2/3,New York,Donna,itemF,67000,1
2018/2/3,New York,Donna,itemB,160000,1
2018/2/3,New York,Dawn,itemA,290000,1
2018/2/3,New York,Dawn,itemD,570000,1
2018/2/3,New York,Dawn,itemD,570000,1
2018/2/3,New York,Dawn,itemD,570000,1
2018/2/3,New York,Dawn,itemD,570000,1
2018/2/3,New York,Dawn,itemD,570000,1
2018/2/3,New York,Dawn,itemD,570000,1
2018/2/3,New York,Dawn,itemD,570000,1
2018/2/3,New York,Dawn,itemD,570000,1
2018/2/3,New York,Dawn,itemA,290000,1
2018/2/3,New York,Dawn,itemE,11100,1
2018/2/3,San Francisco,Richard,itemD,570000,1
2018/2/3,San Francisco,Richard,itemE,11100,1
2018/2/3,San Francisco,Richard,itemF,67000,1
2018/2/3,San Francisco,Richard,itemF,67000,1
2018/2/3,San Francisco,Richard,itemF,67000,1
2018/2/3,San Francisco,Richard,itemB,160000,1
2018/2/3,San Francisco,Richard,itemB,160000,1
2018/2/3,New York,Dawn,itemD,570000,1
2018/2/3,New York,Dawn,itemE,11100,1
2018/2/3,New York,Dawn,itemE,11100,1
2018/2/3,New York,Dawn,itemB,160000,1
2018/2/3,New York,Dawn,itemF,67000,1
2018/2/3,New York,Dawn,itemE,11100,4
2018/2/3,New York,Dawn,itemA,290000,2
2018/2/3,San Francisco,Richard,itemD,570000,1
2018/2/3,San Francisco,Richard,itemD,570000,1
2018/2/3,San Francisco,Richard,itemD,570000,1
2018/2/3,New York,Dawn,itemC,14000,1
2018/2/3,New York,Dawn,itemC,14000,1
2018/2/3,San Francisco,Richard,itemG,65000,1
2018/2/3,New York,Dawn,itemC,14000,1
2018/2/3,New York,Dawn,itemA,290000,1
2018/2/3,San Francisco,Richard,itemA,290000,1
2018/2/3,San Francisco,Richard,itemA,290000,1
2018/2/3,San Francisco,Richard,itemA,290000,1
2018/2/3,San Francisco,Richard,itemA,290000,1
2018/2/3,San Francisco,Richard,itemA,290000,1
2018/2/3,San Francisco,Richard,itemE,11100,2
2018/2/3,San Francisco,Richard,itemA,290000,1
2018/2/3,San Francisco,Richard,itemG,65000,1
2018/2/3,San Francisco,Richard,itemE,11100,1
2018/2/3,New York,Donna,itemG,65000,1
2018/2/3,New York,Donna,itemG,65000,1
2018/2/3,San Francisco,Richard,itemB,160000,1
2018/2/3,New York,Dawn,itemA,290000,1
2018/2/3,New York,Dawn,itemG,65000,2
2018/2/3,New York,Dawn,itemG,65000,1
2018/2/3,New York,Dawn,itemE,11100,1
2018/2/3,New York,Dawn,itemE,11100,1
2018/2/3,New York,Dawn,itemD,570000,1
2018/2/3,New York,Dawn,itemE,11100,1
2018/2/3,San Francisco,Richard,itemD,570000,1
2018/2/3,New York,Dawn,itemC,14000,1
2018/2/3,New York,Dawn,itemC,14000,1
2018/2/3,New York,Dawn,itemC,14000,1
2018/2/4,New York,Donna,itemE,11100,1
2018/2/4,New York,Donna,itemG,65000,1
2018/2/4,New York,Donna,itemE,11100,1
2018/2/4,New York,Donna,itemE,11100,1
2018/2/4,New York,Donna,itemC,14000,1
2018/2/4,New York,Donna,itemE,11100,1
2018/2/4,New York,Donna,itemA,290000,1
2018/2/4,New York,Donna,itemA,290000,1
2018/2/4,New York,Donna,itemG,65000,1
2018/2/4,New York,Donna,itemE,11100,1
2018/2/4,New York,Kory,itemD,570000,1
2018/2/4,New York,Kory,itemE,11100,1
2018/2/4,New York,Kory,itemD,570000,1
2018/2/4,New York,Kory,itemF,67000,1
2018/2/4,New York,Donna,itemB,160000,1
2018/2/4,New York,Donna,itemF,67000,1
2018/2/4,New York,Donna,itemB,160000,1
2018/2/4,New York,Donna,itemF,67000,1
2018/2/4,New York,Donna,itemA,290000,1
2018/2/4,New York,Donna,itemB,160000,1
2018/2/4,New York,Donna,itemB,160000,1
2018/2/4,New York,Kory,itemB,160000,1
2018/2/4,New York,Donna,itemC,14000,1
2018/2/4,New York,Donna,itemA,290000,1
2018/2/4,New York,Donna,itemD,570000,1
2018/2/4,New York,Kory,itemB,160000,1
2018/2/4,New York,Kory,itemB,160000,1
2018/2/4,New York,Kory,itemE,11100,1
2018/2/4,New York,Kory,itemE,11100,1
2018/2/4,New York,Kory,itemD,570000,1
2018/2/4,New York,Kory,itemD,570000,1
2018/2/4,Chicago,Rachel,itemD,570000,1
2018/2/4,San Francisco,Rachel,itemC,14000,1
2018/2/4,Chicago,Rachel,itemE,11100,1
2018/2/4,Chicago,Rachel,itemF,67000,1
2018/2/4,Chicago,Rachel,itemE,11100,1
2018/2/4,Chicago,Rachel,itemF,67000,1
2018/2/4,San Francisco,Rachel,itemB,160000,1
2018/2/4,San Francisco,Rachel,itemF,67000,1
2018/2/4,San Francisco,Rachel,itemB,160000,2
2018/2/4,San Francisco,Rachel,itemB,160000,1
2018/2/4,San Francisco,Rachel,itemE,11100,1
2018/2/4,San Francisco,Rachel,itemG,65000,1
2018/2/4,San Francisco,Rachel,itemA,290000,1
2018/2/4,New York,Rachel,itemB,160000,1
2018/2/4,Chicago,Rachel,itemA,290000,1
2018/2/4,New York,Rachel,itemD,570000,1
2018/2/4,New York,Rachel,itemD,570000,1
2018/2/4,New York,Rachel,itemD,570000,1
2018/2/4,New York,Rachel,itemC,14000,1
2018/2/4,New York,Rachel,itemB,160000,1
2018/2/4,New York,Rachel,itemE,11100,1
2018/2/4,Chicago,Rachel,itemF,67000,1
2018/2/4,Chicago,Rachel,itemB,160000,1
2018/2/4,Chicago,Rachel,itemF,67000,1
2018/2/4,Chicago,Rachel,itemF,67000,1
2018/2/4,San Francisco,Rachel,itemD,570000,1
2018/2/4,San Francisco,Rachel,itemD,570000,1
2018/2/4,Chicago,Rachel,itemB,160000,1
2018/2/4,Chicago,Rachel,itemD,570000,1
2018/2/4,Chicago,Rachel,itemD,570000,1
2018/2/4,Chicago,Rachel,itemA,290000,1
2018/2/4,Chicago,Rachel,itemF,67000,1
2018/2/4,Chicago,Rachel,itemB,160000,1
2018/2/4,Chicago,Rachel,itemB,160000,1
2018/2/4,Chicago,Rachel,itemB,160000,1
2018/2/4,Chicago,Rachel,itemA,290000,1
2018/2/4,San Francisco,Rachel,itemB,160000,1
2018/2/4,New York,Rachel,itemE,11100,1
2018/2/4,New York,Rachel,itemE,11100,1
2018/2/4,New York,Rachel,itemE,11100,1
2018/2/4,New York,Rachel,itemE,11100,1
2018/2/4,Chicago,Rachel,itemE,11100,1
2018/2/4,San Francisco,Rachel,itemB,160000,2
2018/2/4,San Francisco,Rachel,itemG,65000,1
2018/2/4,San Francisco,Rachel,itemB,160000,3
2018/2/4,San Francisco,Rachel,itemB,160000,4
2018/2/4,San Francisco,Rachel,itemB,160000,3
2018/2/4,San Francisco,Rachel,itemB,160000,2
2018/2/4,San Francisco,Rachel,itemB,160000,1
2018/2/4,San Francisco,Rachel,itemB,160000,4
2018/2/4,Chicago,Rachel,itemE,11100,1
2018/2/4,Chicago,Rachel,itemD,570000,1
2018/2/4,Chicago,Rachel,itemD,570000,1
2018/2/4,Chicago,Rachel,itemD,570000,1
2018/2/4,San Francisco,Rachel,itemD,570000,1
2018/2/4,San Francisco,Rachel,itemD,570000,1
2018/2/4,San Francisco,Rachel,itemD,570000,1
2018/2/4,San Francisco,Rachel,itemD,570000,1
2018/2/4,San Francisco,Rachel,itemE,11100,1
2018/2/4,San Francisco,Rachel,itemA,290000,1
2018/2/4,Chicago,Rachel,itemG,65000,1
2018/2/4,San Francisco,Rachel,itemA,290000,1
2018/2/5,New York,Rachel,itemB,160000,1
2018/2/5,Chicago,Rachel,itemA,290000,1
2018/2/5,Chicago,Rachel,itemE,11100,1
2018/2/5,New York,Rachel,itemD,570000,1
2018/2/5,San Francisco,Rachel,itemB,160000,1
2018/2/5,San Francisco,Rachel,itemB,160000,1
2018/2/5,San Francisco,Rachel,itemB,160000,1
2018/2/5,San Francisco,Rachel,itemF,67000,1
2018/2/5,New York,Rachel,itemB,160000,3
2018/2/5,New York,Rachel,itemF,67000,1
2018/2/5,New York,Rachel,itemE,11100,1
2018/2/5,New York,Rachel,itemF,67000,1
2018/2/5,New York,Rachel,itemF,67000,1
2018/2/5,New York,Rachel,itemE,11100,1
2018/2/5,New York,Rachel,itemB,160000,2
2018/2/5,New York,Rachel,itemF,67000,1
2018/2/5,New York,Rachel,itemB,160000,1
2018/2/5,New York,Rachel,itemF,67000,1
2018/2/5,New York,Rachel,itemB,160000,1
2018/2/5,New York,Rachel,itemB,160000,1
2018/2/5,New York,Rachel,itemF,67000,1
2018/2/5,New York,Rachel,itemE,11100,4
2018/2/5,New York,Rachel,itemB,160000,1
2018/2/5,San Francisco,Rachel,itemB,160000,1
2018/2/5,New York,Rachel,itemA,290000,1
2018/2/5,New York,Rachel,itemF,67000,1
2018/2/5,New York,Rachel,itemA,290000,1
2018/2/5,New York,Rachel,itemB,160000,1
2018/2/5,San Francisco,Rachel,itemB,160000,1
2018/2/5,San Francisco,Rachel,itemA,290000,1
2018/2/5,San Francisco,Rachel,itemB,160000,1
2018/2/5,New York,Rachel,itemA,290000,1
2018/2/5,San Francisco,Rachel,itemG,65000,1
2018/2/5,San Francisco,Rachel,itemE,11100,1
2018/2/5,San Francisco,Rachel,itemA,290000,1
2018/2/5,San Francisco,Rachel,itemB,160000,3
2018/2/5,San Francisco,Rachel,itemB,160000,4
2018/2/5,San Francisco,Rachel,itemG,65000,1
2018/2/5,San Francisco,Rachel,itemB,160000,1
2018/2/5,San Francisco,Rachel,itemE,11100,1
2018/2/5,San Francisco,Rachel,itemE,11100,1
2018/2/5,San Francisco,Rachel,itemA,290000,1
2018/2/5,San Francisco,Rachel,itemE,11100,1
2018/2/5,San Francisco,Rachel,itemB,160000,1
2018/2/5,New York,Rachel,itemC,14000,1
2018/2/5,San Francisco,Rachel,itemG,65000,1
2018/2/5,New York,Rachel,itemE,11100,2
2018/2/5,New York,Rachel,itemE,11100,1
2018/2/5,New York,Rachel,itemE,11100,1
2018/2/5,New York,Rachel,itemG,65000,1
2018/2/5,New York,Rachel,itemD,570000,1
2018/2/5,New York,Rachel,itemE,11100,1
2018/2/5,New York,Rachel,itemG,65000,1
2018/2/5,New York,Rachel,itemA,290000,1
2018/2/5,New York,Rachel,itemE,11100,1
2018/2/5,New York,Rachel,itemC,14000,3
2018/2/5,New York,Rachel,itemD,570000,1
2018/2/5,New York,Rachel,itemE,11100,2
2018/2/5,New York,Rachel,itemE,11100,1
2018/2/5,New York,Rachel,itemG,65000,2
2018/2/5,New York,Rachel,itemG,65000,1
2018/2/5,New York,Rachel,itemD,570000,1
2018/2/5,New York,Rachel,itemE,11100,1
2018/2/5,New York,Rachel,itemE,11100,1
2018/2/5,San Francisco,Rachel,itemC,14000,1
2018/2/5,San Francisco,Rachel,itemA,290000,1
2018/2/5,San Francisco,Rachel,itemA,290000,1
2018/2/5,San Francisco,Rachel,itemD,570000,1
2018/2/5,San Francisco,Rachel,itemD,570000,1
2018/2/5,San Francisco,Rachel,itemD,570000,1
2018/2/5,San Francisco,Rachel,itemD,570000,1
2018/2/5,San Francisco,Rachel,itemD,570000,1
2018/2/5,San Francisco,Rachel,itemE,11100,1
2018/2/5,San Francisco,Rachel,itemI,1910,1
2018/2/6,Chicago,Rachel,itemA,290000,1
2018/2/6,New York,Rachel,itemD,570000,1
2018/2/6,San Francisco,Rachel,itemD,570000,1
2018/2/6,San Francisco,Rachel,itemE,11100,1
2018/2/6,New York,Rachel,itemA,290000,1
2018/2/6,San Francisco,Rachel,itemA,290000,1
2018/2/6,San Francisco,Rachel,itemA,290000,1
2018/2/6,San Francisco,Rachel,itemB,160000,4
2018/2/6,San Francisco,Rachel,itemF,67000,1
2018/2/6,San Francisco,Rachel,itemF,67000,1
2018/2/6,San Francisco,Rachel,itemE,11100,4
2018/2/6,San Francisco,Rachel,itemG,65000,1
2018/2/6,San Francisco,Rachel,itemG,65000,1
2018/2/6,San Francisco,Rachel,itemF,67000,1
2018/2/6,San Francisco,Rachel,itemF,67000,1
2018/2/6,New York,Rachel,itemD,570000,1
2018/2/6,New York,Rachel,itemF,67000,1
2018/2/6,New York,Rachel,itemB,160000,1
2018/2/6,New York,Rachel,itemA,290000,1
2018/2/6,New York,Rachel,itemA,290000,1
2018/2/6,New York,Rachel,itemD,570000,1
2018/2/6,New York,Rachel,itemD,570000,1
2018/2/6,New York,Rachel,itemD,570000,1
2018/2/6,New York,Rachel,itemD,570000,1
2018/2/6,New York,Rachel,itemD,570000,1
2018/2/6,New York,Rachel,itemD,570000,1
2018/2/6,New York,Rachel,itemD,570000,1
2018/2/6,New York,Rachel,itemD,570000,1
2018/2/6,New York,Rachel,itemD,570000,1
2018/2/6,New York,Rachel,itemE,11100,1
2018/2/6,New York,Rachel,itemD,570000,1
2018/2/6,New York,Rachel,itemA,290000,1
2018/2/6,New York,Rachel,itemA,290000,1
2018/2/6,San Francisco,Rachel,itemA,290000,1
2018/2/6,San Francisco,Rachel,itemB,160000,2
2018/2/6,New York,Rachel,itemB,160000,1
2018/2/6,New York,Rachel,itemB,160000,1
2018/2/6,New York,Rachel,itemB,160000,1
2018/2/6,San Francisco,Rachel,itemE,11100,1
2018/2/6,San Francisco,Rachel,itemD,570000,1
2018/2/6,San Francisco,Rachel,itemE,11100,1
2018/2/6,San Francisco,Rachel,itemE,11100,1
2018/2/6,New York,Rachel,itemG,65000,1
2018/2/6,New York,Rachel,itemG,65000,1
2018/2/6,New York,Rachel,itemG,65000,1
2018/2/6,New York,Rachel,itemE,11100,1
2018/2/6,New York,Rachel,itemD,570000,1
2018/2/6,San Francisco,Rachel,itemF,67000,3
2018/2/6,New York,Rachel,itemB,160000,2
2018/2/6,New York,Rachel,itemE,11100,1
2018/2/6,New York,Rachel,itemA,290000,1
2018/2/6,San Francisco,Rachel,itemA,290000,1
2018/2/6,New York,Rachel,itemC,14000,1
2018/2/6,New York,Rachel,itemC,14000,1
2018/2/6,New York,Rachel,itemE,11100,1
2018/2/6,New York,Rachel,itemE,11100,1
2018/2/6,New York,Rachel,itemE,11100,1
2018/2/6,New York,Rachel,itemE,11100,1
2018/2/6,New York,Rachel,itemD,570000,1
2018/2/7,New York,Rachel,itemF,67000,1
2018/2/7,New York,Rachel,itemD,570000,1
2018/2/7,New York,Rachel,itemD,570000,1
2018/2/7,San Francisco,Rachel,itemE,11100,1
2018/2/7,San Francisco,Rachel,itemE,11100,1
2018/2/7,San Francisco,Rachel,itemA,290000,1
2018/2/7,San Francisco,Rachel,itemE,11100,1
2018/2/7,San Francisco,Rachel,itemG,65000,1
2018/2/7,San Francisco,Rachel,itemA,290000,1
2018/2/7,San Francisco,Rachel,itemB,160000,1
2018/2/7,San Francisco,Rachel,itemD,570000,1
2018/2/7,San Francisco,Rachel,itemD,570000,1
2018/2/7,San Francisco,Rachel,itemE,11100,1
2018/2/7,San Francisco,Rachel,itemE,11100,2
2018/2/7,San Francisco,Rachel,itemC,14000,1
2018/2/7,San Francisco,Rachel,itemA,290000,1
2018/2/7,San Francisco,Rachel,itemC,14000,1
2018/2/7,San Francisco,Rachel,itemF,67000,1
2018/2/7,San Francisco,Rachel,itemC,14000,1
2018/2/7,San Francisco,Rachel,itemA,290000,1
2018/2/7,San Francisco,Rachel,itemA,290000,1
2018/2/7,San Francisco,Rachel,itemA,290000,1
2018/2/7,San Francisco,Rachel,itemA,290000,1
2018/2/7,New York,Rachel,itemG,65000,1
2018/2/7,New York,Rachel,itemG,65000,1
2018/2/7,San Francisco,Rachel,itemE,11100,1
2018/2/7,San Francisco,Rachel,itemE,11100,1
2018/2/7,San Francisco,Rachel,itemD,570000,1
2018/2/7,San Francisco,Rachel,itemD,570000,1
2018/2/7,San Francisco,Rachel,itemC,14000,1
2018/2/7,San Francisco,Rachel,itemD,570000,1
2018/2/7,San Francisco,Rachel,itemD,570000,1
2018/2/7,San Francisco,Rachel,itemC,14000,1
2018/2/7,New York,Rachel,itemF,67000,1
2018/2/7,New York,Rachel,itemD,570000,1
2018/2/7,New York,Rachel,itemF,67000,1
2018/2/7,New York,Rachel,itemF,67000,1
2018/2/7,New York,Rachel,itemF,67000,1
2018/2/7,New York,Rachel,itemF,67000,1
2018/2/7,San Francisco,Rachel,itemE,11100,1
2018/2/7,New York,Rachel,itemD,570000,1
2018/2/7,San Francisco,Rachel,itemG,65000,1
2018/2/7,San Francisco,Rachel,itemD,570000,1
2018/2/7,San Francisco,Rachel,itemA,290000,1
2018/2/7,San Francisco,Rachel,itemA,290000,1
2018/2/7,San Francisco,Rachel,itemB,160000,1
2018/2/7,San Francisco,Rachel,itemB,160000,1
2018/2/7,San Francisco,Rachel,itemB,160000,1
2018/2/7,San Francisco,Rachel,itemG,65000,1
2018/2/7,San Francisco,Rachel,itemG,65000,1
2018/2/7,San Francisco,Rachel,itemG,65000,1
2018/2/7,San Francisco,Rachel,itemA,290000,1
2018/2/7,San Francisco,Rachel,itemA,290000,1
2018/2/7,New York,Rachel,itemB,160000,9
2018/2/7,New York,Rachel,itemB,160000,10
2018/2/7,New York,Rachel,itemB,160000,4
2018/2/7,New York,Rachel,itemB,160000,2
2018/2/7,New York,Rachel,itemB,160000,1
2018/2/7,New York,Rachel,itemB,160000,4
2018/2/7,New York,Rachel,itemB,160000,1
2018/2/7,New York,Rachel,itemF,67000,1
2018/2/7,New York,Rachel,itemB,160000,1
2018/2/7,New York,Rachel,itemF,67000,1
2018/2/7,New York,Rachel,itemB,160000,1
2018/2/7,New York,Rachel,itemF,67000,1
2018/2/7,New York,Rachel,itemB,160000,1
2018/2/7,New York,Rachel,itemF,67000,1
2018/2/7,San Francisco,Rachel,itemB,160000,1
2018/2/7,San Francisco,Rachel,itemF,67000,1
2018/2/7,San Francisco,Rachel,itemB,160000,1
2018/2/7,San Francisco,Rachel,itemB,160000,1
2018/2/7,New York,Rachel,itemB,160000,1
2018/2/7,New York,Rachel,itemF,67000,1
2018/2/7,New York,Rachel,itemB,160000,1
2018/2/7,New York,Rachel,itemF,67000,1
2018/2/7,San Francisco,Rachel,itemC,14000,1
2018/2/7,San Francisco,Rachel,itemC,14000,1
2018/2/7,San Francisco,Rachel,itemC,14000,1
2018/2/7,San Francisco,Rachel,itemD,570000,1
2018/2/7,San Francisco,Rachel,itemB,160000,1
2018/2/7,San Francisco,Rachel,itemB,160000,1
2018/2/7,San Francisco,Rachel,itemB,160000,1
2018/2/7,San Francisco,Rachel,itemE,11100,1
2018/2/7,San Francisco,Rachel,itemF,67000,1
2018/2/7,San Francisco,Rachel,itemF,67000,1
2018/2/7,San Francisco,Rachel,itemF,67000,1
2018/2/7,San Francisco,Rachel,itemB,160000,1
2018/2/7,New York,Rachel,itemB,160000,1
2018/2/7,New York,Rachel,itemE,11100,6
2018/2/7,New York,Rachel,itemF,67000,1
2018/2/7,New York,Rachel,itemB,160000,1
2018/2/7,New York,Rachel,itemB,160000,2
2018/2/7,New York,Rachel,itemB,160000,2
2018/2/7,New York,Rachel,itemB,160000,3
2018/2/7,New York,Rachel,itemF,67000,2
2018/2/8,San Francisco,Rachel,itemA,290000,1
2018/2/8,New York,Rachel,itemF,67000,1
2018/2/8,Chicago,Rachel,itemB,160000,1
2018/2/8,San Francisco,Rachel,itemB,160000,1
2018/2/8,New York,Rachel,itemG,65000,1
2018/2/8,New York,Rachel,itemG,65000,1
2018/2/8,New York,Rachel,itemG,65000,1
2018/2/8,New York,Rachel,itemG,65000,1
2018/2/8,New York,Rachel,itemG,65000,1
2018/2/8,New York,Rachel,itemG,65000,1
2018/2/8,New York,Rachel,itemG,65000,1
2018/2/8,New York,Rachel,itemA,290000,1
2018/2/8,San Francisco,Rachel,itemD,570000,1
2018/2/8,San Francisco,Rachel,itemE,11100,1
2018/2/8,San Francisco,Rachel,itemF,67000,1
2018/2/8,San Francisco,Rachel,itemB,160000,1
2018/2/8,San Francisco,Rachel,itemF,67000,1
2018/2/8,San Francisco,Rachel,itemF,67000,1
2018/2/8,San Francisco,Rachel,itemE,11100,1
2018/2/8,San Francisco,Rachel,itemE,11100,1
2018/2/8,San Francisco,Rachel,itemC,14000,1
2018/2/8,San Francisco,Rachel,itemC,14000,1
2018/2/8,San Francisco,Rachel,itemC,14000,1
2018/2/8,San Francisco,Rachel,itemC,14000,1
2018/2/8,San Francisco,Rachel,itemC,14000,1
2018/2/8,San Francisco,Rachel,itemE,11100,1
2018/2/8,Chicago,Rachel,itemA,290000,1
2018/2/8,Chicago,Rachel,itemA,290000,1
2018/2/8,Chicago,Rachel,itemA,290000,1
2018/2/8,Chicago,Rachel,itemA,290000,1
2018/2/8,Chicago,Rachel,itemA,290000,1
2018/2/8,Chicago,Rachel,itemA,290000,1
2018/2/8,Chicago,Rachel,itemA,290000,1
2018/2/8,Chicago,Rachel,itemA,290000,1
2018/2/8,San Francisco,Rachel,itemG,65000,1
2018/2/8,San Francisco,Rachel,itemD,570000,1
2018/2/8,San Francisco,Rachel,itemD,570000,1
2018/2/8,San Francisco,Rachel,itemD,570000,1
2018/2/8,San Francisco,Rachel,itemB,160000,2
2018/2/8,San Francisco,Rachel,itemF,67000,1
2018/2/8,San Francisco,Rachel,itemB,160000,1
2018/2/8,San Francisco,Rachel,itemB,160000,1
2018/2/8,San Francisco,Rachel,itemB,160000,1
2018/2/8,San Francisco,Rachel,itemB,160000,1
2018/2/8,Chicago,Rachel,itemE,11100,1
2018/2/8,Chicago,Rachel,itemE,11100,1
2018/2/8,New York,Rachel,itemF,67000,1
2018/2/8,New York,Rachel,itemF,67000,1
2018/2/8,New York,Rachel,itemB,160000,1
2018/2/8,San Francisco,Rachel,itemD,570000,1
2018/2/8,Chicago,Rachel,itemA,290000,1
2018/2/8,New York,Rachel,itemB,160000,1
2018/2/8,New York,Rachel,itemE,11100,1
2018/2/8,New York,Rachel,itemB,160000,3
2018/2/8,New York,Rachel,itemB,160000,2
2018/2/8,New York,Rachel,itemB,160000,1
2018/2/8,New York,Rachel,itemE,11100,1
2018/2/8,New York,Rachel,itemE,11100,1
2018/2/8,New York,Rachel,itemE,11100,1
2018/2/8,New York,Rachel,itemD,570000,1
2018/2/8,New York,Rachel,itemD,570000,1
2018/2/8,New York,Rachel,itemD,570000,1
2018/2/8,New York,Rachel,itemD,570000,1
2018/2/8,New York,Rachel,itemD,570000,1
2018/2/8,New York,Rachel,itemD,570000,1
2018/2/8,Chicago,Rachel,itemA,290000,1
2018/2/8,San Francisco,Rachel,itemD,570000,1
2018/2/8,San Francisco,Rachel,itemD,570000,1
2018/2/8,San Francisco,Rachel,itemA,290000,1
2018/2/8,New York,Rachel,itemC,14000,1
2018/2/8,New York,Rachel,itemC,14000,1
2018/2/8,New York,Rachel,itemC,14000,1
2018/2/8,New York,Rachel,itemD,570000,1
2018/2/8,New York,Rachel,itemD,570000,1
2018/2/8,New York,Rachel,itemE,11100,1
2018/2/8,New York,Rachel,itemE,11100,1
2018/2/8,San Francisco,Rachel,itemF,67000,1
2018/2/8,San Francisco,Rachel,itemG,65000,1
2018/2/8,New York,Rachel,itemF,67000,1
2018/2/8,New York,Rachel,itemF,67000,1
2018/2/8,New York,Rachel,itemB,160000,1
2018/2/8,New York,Rachel,itemE,11100,1
2018/2/8,San Francisco,Rachel,itemD,570000,1
2018/2/8,San Francisco,Rachel,itemD,570000,1
2018/2/8,San Francisco,Rachel,itemC,14000,1
2018/2/8,San Francisco,Rachel,itemH,3880,1
2018/2/8,Chicago,Rachel,itemE,11100,1
2018/2/8,San Francisco,Rachel,itemB,160000,1
2018/2/8,New York,Rachel,itemF,67000,1
2018/2/8,New York,Rachel,itemC,14000,1
2018/2/8,New York,Rachel,itemE,11100,2
2018/2/8,Chicago,Rachel,itemE,11100,1
2018/2/8,Chicago,Rachel,itemA,290000,1
2018/2/8,Chicago,Rachel,itemD,570000,1
2018/2/8,Chicago,Rachel,itemE,11100,1
2018/2/8,Chicago,Rachel,itemE,11100,1
2018/2/8,Chicago,Rachel,itemE,11100,1
2018/2/8,San Francisco,Rachel,itemA,290000,1
2018/2/8,San Francisco,Rachel,itemA,290000,1
2018/2/8,San Francisco,Rachel,itemB,160000,1
2018/2/8,San Francisco,Rachel,itemB,160000,1
2018/2/8,San Francisco,Rachel,itemF,67000,2
2018/2/8,San Francisco,Rachel,itemB,160000,1
2018/2/9,New York,Rachel,itemE,11100,1
2018/2/9,New York,Rachel,itemA,290000,1
2018/2/9,San Francisco,Rachel,itemG,65000,3
2018/2/9,San Francisco,Rachel,itemF,67000,1
2018/2/9,San Francisco,Rachel,itemF,67000,1
2018/2/9,San Francisco,Rachel,itemF,67000,2
2018/2/9,New York,Rachel,itemD,570000,1
2018/2/9,New York,Rachel,itemF,67000,1
2018/2/9,New York,Rachel,itemF,67000,1
2018/2/9,New York,Rachel,itemF,67000,1
2018/2/9,New York,Rachel,itemF,67000,1
2018/2/9,New York,Rachel,itemG,65000,1
2018/2/9,New York,Rachel,itemB,160000,1
2018/2/9,New York,Rachel,itemF,67000,1
2018/2/9,New York,Rachel,itemF,67000,1
2018/2/9,New York,Rachel,itemC,14000,1
2018/2/9,New York,Rachel,itemC,14000,1
2018/2/9,New York,Rachel,itemE,11100,1
2018/2/9,New York,Rachel,itemE,11100,1
2018/2/9,New York,Rachel,itemE,11100,1
2018/2/9,New York,Rachel,itemG,65000,1
2018/2/9,New York,Rachel,itemE,11100,1
2018/2/9,Chicago,Rachel,itemE,11100,1
2018/2/9,Chicago,Rachel,itemD,570000,1
2018/2/9,Chicago,Rachel,itemD,570000,1
2018/2/9,San Francisco,Rachel,itemB,160000,6
2018/2/9,San Francisco,Rachel,itemB,160000,3
2018/2/9,New York,Rachel,itemD,570000,1
2018/2/9,New York,Rachel,itemD,570000,1
2018/2/9,New York,Rachel,itemC,14000,1
2018/2/9,New York,Rachel,itemB,160000,1
2018/2/9,San Francisco,Rachel,itemB,160000,1
2018/2/9,New York,Rachel,itemB,160000,1
2018/2/9,New York,Rachel,itemF,67000,1
2018/2/9,San Francisco,Rachel,itemC,14000,1
2018/2/9,San Francisco,Rachel,itemA,290000,1
2018/2/9,San Francisco,Rachel,itemA,290000,1
2018/2/9,San Francisco,Rachel,itemB,160000,1
2018/2/9,San Francisco,Rachel,itemB,160000,2
2018/2/9,New York,Rachel,itemA,290000,1
2018/2/9,New York,Rachel,itemA,290000,1
2018/2/9,New York,Rachel,itemA,290000,1
2018/2/9,New York,Rachel,itemA,290000,1
2018/2/9,New York,Rachel,itemA,290000,1
2018/2/9,New York,Rachel,itemA,290000,1
2018/2/9,New York,Rachel,itemA,290000,1
2018/2/9,New York,Rachel,itemA,290000,1
2018/2/9,New York,Rachel,itemA,290000,1
2018/2/9,New York,Rachel,itemA,290000,1
2018/2/9,New York,Rachel,itemA,290000,1
2018/2/9,New York,Rachel,itemA,290000,1
2018/2/9,New York,Rachel,itemA,290000,1
2018/2/9,New York,Rachel,itemF,67000,1
2018/2/9,New York,Rachel,itemE,11100,1
2018/2/9,New York,Rachel,itemF,67000,1
2018/2/9,New York,Rachel,itemA,290000,1
2018/2/9,New York,Rachel,itemC,14000,1
2018/2/9,New York,Rachel,itemE,11100,1
2018/2/9,New York,Rachel,itemD,570000,1
2018/2/9,New York,Rachel,itemD,570000,1
2018/2/9,New York,Rachel,itemE,11100,1
2018/2/9,New York,Rachel,itemC,14000,1
2018/2/9,New York,Rachel,itemC,14000,1
2018/2/9,New York,Rachel,itemA,290000,1
2018/2/9,New York,Rachel,itemA,290000,1
2018/2/9,New York,Rachel,itemA,290000,1
2018/2/9,New York,Rachel,itemA,290000,1
2018/2/9,New York,Rachel,itemA,290000,1
2018/2/9,New York,Rachel,itemA,290000,1
2018/2/9,New York,Rachel,itemA,290000,1
2018/2/9,New York,Rachel,itemA,290000,1
2018/2/9,New York,Rachel,itemA,290000,1
2018/2/9,New York,Rachel,itemA,290000,1
2018/2/9,New York,Rachel,itemA,290000,1
2018/2/9,Chicago,Rachel,itemB,160000,1
2018/2/9,Chicago,Rachel,itemE,11100,1
2018/2/9,Chicago,Rachel,itemB,160000,1
2018/2/9,New York,Rachel,itemA,290000,1
2018/2/9,New York,Rachel,itemA,290000,1
2018/2/9,New York,Rachel,itemA,290000,1
2018/2/9,New York,Rachel,itemA,290000,1
2018/2/9,New York,Rachel,itemA,290000,1
2018/2/9,New York,Rachel,itemA,290000,1
2018/2/9,New York,Rachel,itemA,290000,1
2018/2/9,New York,Rachel,itemA,290000,1
2018/2/9,New York,Rachel,itemA,290000,1
2018/2/9,New York,Rachel,itemC,14000,1
2018/2/9,New York,Rachel,itemC,14000,1
2018/2/9,New York,Rachel,itemC,14000,1
2018/2/9,New York,Rachel,itemC,14000,1
2018/2/9,New York,Rachel,itemC,14000,1
2018/2/9,New York,Rachel,itemD,570000,1
2018/2/9,Chicago,Rachel,itemE,11100,1
2018/2/9,New York,Rachel,itemE,11100,1
2018/2/9,San Francisco,Rachel,itemE,11100,1
2018/2/9,San Francisco,Rachel,itemE,11100,3
2018/2/9,San Francisco,Rachel,itemA,290000,1
2018/2/9,San Francisco,Rachel,itemA,290000,1
2018/2/9,New York,Rachel,itemB,160000,1
2018/2/9,New York,Rachel,itemB,160000,2
2018/2/9,New York,Rachel,itemA,290000,1
2018/2/9,San Francisco,Rachel,itemE,11100,1
2018/2/9,New York,Rachel,itemA,290000,1
2018/2/9,New York,Rachel,itemB,160000,1
2018/2/9,San Francisco,Rachel,itemA,290000,1
2018/2/9,New York,Rachel,itemF,67000,1
2018/2/9,Chicago,Rachel,itemA,290000,1
2018/2/9,Chicago,Rachel,itemA,290000,1
2018/2/9,Chicago,Rachel,itemD,570000,1
2018/2/10,Chicago,Rachel,itemB,160000,4
2018/2/10,San Francisco,Rachel,itemC,14000,1
2018/2/10,San Francisco,Rachel,itemC,14000,1
2018/2/10,San Francisco,Rachel,itemC,14000,1
2018/2/10,San Francisco,Rachel,itemE,11100,1
2018/2/10,San Francisco,Rachel,itemD,570000,1
2018/2/10,San Francisco,Rachel,itemE,11100,1
2018/2/10,San Francisco,Rachel,itemC,14000,1
2018/2/10,San Francisco,Rachel,itemB,160000,1
2018/2/10,San Francisco,Rachel,itemB,160000,1
2018/2/10,New York,Rachel,itemE,11100,1
2018/2/10,New York,Rachel,itemE,11100,1
2018/2/10,New York,Rachel,itemE,11100,1
2018/2/10,New York,Rachel,itemE,11100,1
2018/2/10,San Francisco,Rachel,itemG,65000,1
2018/2/10,San Francisco,Rachel,itemF,67000,1
2018/2/10,San Francisco,Rachel,itemD,570000,1
2018/2/10,San Francisco,Rachel,itemD,570000,1
2018/2/10,San Francisco,Rachel,itemD,570000,1
2018/2/10,New York,Rachel,itemG,65000,1
2018/2/10,New York,Rachel,itemB,160000,1
2018/2/10,New York,Rachel,itemB,160000,1
2018/2/10,New York,Rachel,itemB,160000,1
2018/2/10,New York,Rachel,itemG,65000,1
2018/2/10,San Francisco,Rachel,itemE,11100,1
2018/2/10,San Francisco,Rachel,itemF,67000,1
2018/2/10,San Francisco,Rachel,itemB,160000,1
2018/2/10,San Francisco,Rachel,itemF,67000,1
2018/2/10,San Francisco,Rachel,itemH,3880,1
2018/2/10,San Francisco,Rachel,itemC,14000,1
2018/2/10,New York,Rachel,itemC,14000,1
2018/2/10,New York,Rachel,itemC,14000,4
2018/2/10,San Francisco,Rachel,itemH,3880,5
2018/2/10,San Francisco,Rachel,itemD,570000,1
2018/2/10,San Francisco,Rachel,itemC,14000,1
2018/2/10,San Francisco,Rachel,itemC,14000,1
2018/2/10,San Francisco,Rachel,itemC,14000,1
2018/2/10,New York,Rachel,itemE,11100,1
2018/2/10,New York,Rachel,itemE,11100,1
2018/2/10,New York,Rachel,itemG,65000,1
2018/2/10,New York,Rachel,itemD,570000,1
2018/2/10,New York,Rachel,itemD,570000,1
2018/2/10,San Francisco,Rachel,itemG,65000,1
2018/2/10,San Francisco,Rachel,itemE,11100,1
2018/2/10,San Francisco,Rachel,itemC,14000,1
2018/2/10,San Francisco,Rachel,itemB,160000,1
2018/2/10,San Francisco,Rachel,itemF,67000,1
2018/2/10,San Francisco,Rachel,itemB,160000,1
2018/2/10,San Francisco,Rachel,itemD,570000,1
2018/2/10,San Francisco,Rachel,itemD,570000,1
2018/2/10,San Francisco,Rachel,itemD,570000,1
2018/2/10,San Francisco,Rachel,itemA,290000,1
2018/2/10,San Francisco,Rachel,itemE,11100,1
2018/2/11,Chicago,Rachel,itemD,570000,1
2018/2/11,Chicago,Rachel,itemD,570000,1
2018/2/11,San Francisco,Rachel,itemB,160000,1
2018/2/11,San Francisco,Rachel,itemB,160000,1
2018/2/11,San Francisco,Rachel,itemB,160000,1
2018/2/11,San Francisco,Rachel,itemB,160000,1
2018/2/11,San Francisco,Rachel,itemD,570000,1
2018/2/11,San Francisco,Rachel,itemF,67000,2
2018/2/11,San Francisco,Rachel,itemB,160000,6
2018/2/11,San Francisco,Rachel,itemE,11100,1
2018/2/11,San Francisco,Rachel,itemC,14000,1
2018/2/11,San Francisco,Rachel,itemG,65000,1
2018/2/11,San Francisco,Rachel,itemG,65000,1
2018/2/11,San Francisco,Rachel,itemG,65000,1
2018/2/11,San Francisco,Rachel,itemD,570000,1
2018/2/11,New York,Rachel,itemD,570000,1
2018/2/11,New York,Rachel,itemD,570000,1
2018/2/11,New York,Rachel,itemD,570000,1
2018/2/11,New York,Rachel,itemD,570000,1
2018/2/11,New York,Rachel,itemE,11100,1
2018/2/11,New York,Rachel,itemD,570000,1
2018/2/11,New York,Rachel,itemD,570000,1
2018/2/11,New York,Rachel,itemE,11100,1
2018/2/11,New York,Rachel,itemD,570000,1
2018/2/11,New York,Rachel,itemA,290000,1
2018/2/11,San Francisco,Rachel,itemB,160000,1
2018/2/11,San Francisco,Rachel,itemF,67000,1
2018/2/11,San Francisco,Rachel,itemF,67000,1
2018/2/11,New York,Rachel,itemB,160000,1
2018/2/11,San Francisco,Rachel,itemE,11100,2
2018/2/11,San Francisco,Rachel,itemE,11100,1
2018/2/11,San Francisco,Rachel,itemE,11100,1
2018/2/11,San Francisco,Rachel,itemE,11100,1
2018/2/11,San Francisco,Rachel,itemE,11100,1
2018/2/11,San Francisco,Rachel,itemE,11100,1
2018/2/11,San Francisco,Rachel,itemE,11100,1
2018/2/11,New York,Rachel,itemB,160000,1
2018/2/11,New York,Rachel,itemD,570000,1
2018/2/11,New York,Rachel,itemB,160000,1
2018/2/11,New York,Rachel,itemE,11100,1
2018/2/11,New York,Rachel,itemD,570000,1
2018/2/11,San Francisco,Rachel,itemA,290000,1
2018/2/11,San Francisco,Rachel,itemB,160000,1
2018/2/11,San Francisco,Rachel,itemB,160000,1
2018/2/11,San Francisco,Rachel,itemB,160000,1
2018/2/11,San Francisco,Rachel,itemE,11100,1
2018/2/12,New York,Rachel,itemG,65000,1
2018/2/12,San Francisco,Rachel,itemD,570000,1
2018/2/12,New York,Rachel,itemA,290000,1
2018/2/12,New York,Rachel,itemG,65000,1
2018/2/12,New York,Rachel,itemE,11100,1
2018/2/12,New York,Rachel,itemD,570000,1
2018/2/12,New York,Rachel,itemC,14000,1
2018/2/12,New York,Rachel,itemC,14000,5
2018/2/12,New York,Rachel,itemA,290000,1
2018/2/12,New York,Rachel,itemF,67000,1
2018/2/12,New York,Rachel,itemE,11100,1
2018/2/12,San Francisco,Rachel,itemB,160000,1
2018/2/12,New York,Rachel,itemD,570000,1
2018/2/12,New York,Rachel,itemD,570000,1
2018/2/12,New York,Rachel,itemD,570000,1
2018/2/12,San Francisco,Rachel,itemD,570000,1
2018/2/12,San Francisco,Rachel,itemD,570000,1
2018/2/12,San Francisco,Rachel,itemD,570000,1
2018/2/12,San Francisco,Rachel,itemG,65000,1
2018/2/12,San Francisco,Rachel,itemG,65000,1
2018/2/12,New York,Rachel,itemD,570000,1
2018/2/12,San Francisco,Rachel,itemD,570000,1
2018/2/12,New York,Rachel,itemB,160000,3
2018/2/7,New York,Rachel,itemB,160000,1
2018/2/12,New York,Rachel,itemA,290000,1
2018/2/12,New York,Rachel,itemA,290000,1
2018/2/12,New York,Rachel,itemG,65000,1
2018/2/12,New York,Rachel,itemA,290000,1
2018/2/12,New York,Rachel,itemC,14000,1
2018/2/12,New York,Rachel,itemC,14000,1
2018/2/12,New York,Rachel,itemC,14000,1
2018/2/12,New York,Rachel,itemC,14000,1
2018/2/12,New York,Rachel,itemC,14000,1
2018/2/12,New York,Rachel,itemH,3880,1
2018/2/12,New York,Rachel,itemH,3880,1
2018/2/12,New York,Rachel,itemH,3880,1
2018/2/12,New York,Rachel,itemE,11100,1
2018/2/12,New York,Rachel,itemE,11100,1
2018/2/12,New York,Rachel,itemE,11100,1
2018/2/12,New York,Rachel,itemG,65000,1
2018/2/12,New York,Rachel,itemB,160000,2
2018/2/12,New York,Rachel,itemD,570000,1
2018/2/12,New York,Rachel,itemD,570000,1
2018/2/12,New York,Rachel,itemD,570000,2
2018/2/12,New York,Rachel,itemD,570000,1
2018/2/12,New York,Rachel,itemD,570000,1
2018/2/12,New York,Rachel,itemF,67000,1
2018/2/12,San Francisco,Rachel,itemB,160000,1
2018/2/12,San Francisco,Rachel,itemB,160000,1
2018/2/12,San Francisco,Rachel,itemB,160000,1
2018/2/12,San Francisco,Rachel,itemB,160000,1
2018/2/12,San Francisco,Rachel,itemF,67000,1
2018/2/12,San Francisco,Rachel,itemA,290000,1
2018/2/12,San Francisco,Rachel,itemA,290000,1
2018/2/12,San Francisco,Rachel,itemD,570000,1
2018/2/12,San Francisco,Rachel,itemB,160000,1
2018/2/12,San Francisco,Rachel,itemF,67000,1
2018/2/12,New York,Rachel,itemG,65000,1
2018/2/12,New York,Rachel,itemA,290000,1
2018/2/12,New York,Rachel,itemC,14000,1
2018/2/12,New York,Rachel,itemF,67000,1
2018/2/12,New York,Rachel,itemG,65000,1
2018/2/12,New York,Rachel,itemG,65000,1
2018/2/12,New York,Rachel,itemG,65000,1
2018/2/12,New York,Rachel,itemG,65000,1
2018/2/12,New York,Rachel,itemF,67000,1
2018/2/12,New York,Rachel,itemB,160000,3
2018/2/12,New York,Rachel,itemB,160000,1
2018/2/12,New York,Rachel,itemB,160000,1
2018/2/12,New York,Rachel,itemF,67000,1
2018/2/12,New York,Rachel,itemB,160000,2
2018/2/12,New York,Rachel,itemA,290000,1
2018/2/12,New York,Rachel,itemE,11100,1
2018/2/12,New York,Rachel,itemE,11100,1
2018/2/12,New York,Rachel,itemE,11100,1
2018/2/12,New York,Rachel,itemE,11100,1
2018/2/12,New York,Rachel,itemE,11100,1
2018/2/12,San Francisco,Rachel,itemE,11100,1
2018/2/12,San Francisco,Rachel,itemE,11100,1
2018/2/12,San Francisco,Rachel,itemE,11100,1
2018/2/12,New York,Rachel,itemD,570000,1
2018/2/12,New York,Rachel,itemC,14000,1
2018/2/12,New York,Rachel,itemB,160000,1
2018/2/12,New York,Rachel,itemB,160000,1
2018/2/12,New York,Rachel,itemE,11100,1
2018/2/12,New York,Rachel,itemE,11100,1
2018/2/12,New York,Rachel,itemE,11100,1
2018/2/12,New York,Rachel,itemE,11100,1
2018/2/12,New York,Rachel,itemE,11100,1
2018/2/12,New York,Rachel,itemE,11100,1
2018/2/12,New York,Rachel,itemG,65000,1
2018/2/12,San Francisco,Rachel,itemE,11100,1
2018/2/12,San Francisco,Rachel,itemI,1910,1
2018/2/12,New York,Rachel,itemD,570000,1
2018/2/12,New York,Rachel,itemE,11100,1
2018/2/12,San Francisco,Rachel,itemG,65000,1
2018/2/12,San Francisco,Rachel,itemF,67000,1
2018/2/12,San Francisco,Rachel,itemB,160000,1
2018/2/13,San Francisco,Rachel,itemA,290000,1
2018/2/13,San Francisco,Rachel,itemC,14000,1
2018/2/13,San Francisco,Rachel,itemC,14000,1
2018/2/13,San Francisco,Rachel,itemC,14000,1
2018/2/13,San Francisco,Rachel,itemC,14000,1
2018/2/13,San Francisco,Rachel,itemB,160000,1
2018/2/13,San Francisco,Rachel,itemB,160000,1
2018/2/13,San Francisco,Rachel,itemB,160000,1
2018/2/13,San Francisco,Rachel,itemF,67000,1
2018/2/13,San Francisco,Rachel,itemB,160000,1
2018/2/13,San Francisco,Rachel,itemB,160000,1
2018/2/13,San Francisco,Rachel,itemB,160000,1
2018/2/13,San Francisco,Rachel,itemF,67000,1
2018/2/13,San Francisco,Rachel,itemE,11100,1
2018/2/13,San Francisco,Rachel,itemE,11100,1
2018/2/13,San Francisco,Rachel,itemA,290000,1
2018/2/13,San Francisco,Rachel,itemE,11100,1
2018/2/13,San Francisco,Rachel,itemE,11100,1
2018/2/13,San Francisco,Rachel,itemC,14000,1
2018/2/13,New York,Rachel,itemG,65000,2
2018/2/13,San Francisco,Rachel,itemC,14000,1
2018/2/13,New York,Rachel,itemA,290000,1
2018/2/13,New York,Rachel,itemD,570000,1
2018/2/13,New York,Rachel,itemD,570000,1
2018/2/13,New York,Rachel,itemD,570000,1
2018/2/13,New York,Rachel,itemD,570000,1
2018/2/13,New York,Rachel,itemE,11100,1
2018/2/13,New York,Rachel,itemA,290000,1
2018/2/13,San Francisco,Rachel,itemB,160000,1
2018/2/13,New York,Rachel,itemD,570000,1
2018/2/13,New York,Rachel,itemD,570000,1
2018/2/13,New York,Rachel,itemD,570000,1
2018/2/13,New York,Rachel,itemC,14000,1
2018/2/13,New York,Rachel,itemC,14000,1
2018/2/13,New York,Rachel,itemE,11100,1
2018/2/13,New York,Rachel,itemE,11100,1
2018/2/13,New York,Rachel,itemE,11100,1
2018/2/13,New York,Rachel,itemB,160000,4
2018/2/13,New York,Rachel,itemE,11100,1
2018/2/13,New York,Rachel,itemB,160000,2
2018/2/13,New York,Rachel,itemF,67000,1
2018/2/13,San Francisco,Rachel,itemB,160000,1
2018/2/13,San Francisco,Rachel,itemB,160000,1
2018/2/13,New York,Rachel,itemG,65000,1
2018/2/13,New York,Rachel,itemE,11100,1
2018/2/13,New York,Rachel,itemE,11100,2
2018/2/13,New York,Rachel,itemA,290000,2
2018/2/13,New York,Rachel,itemG,65000,1
2018/2/13,New York,Rachel,itemG,65000,1
2018/2/13,New York,Rachel,itemF,67000,1
2018/2/13,San Francisco,Rachel,itemE,11100,1
2018/2/13,San Francisco,Rachel,itemB,160000,1
2018/2/13,San Francisco,Rachel,itemB,160000,1
2018/2/14,New York,Rachel,itemD,570000,1
2018/2/14,New York,Rachel,itemE,11100,1
2018/2/14,New York,Rachel,itemE,11100,1
2018/2/14,New York,Rachel,itemE,11100,1
2018/2/14,New York,Rachel,itemE,11100,1
2018/2/14,New York,Rachel,itemA,290000,1
2018/2/14,New York,Rachel,itemD,570000,1
2018/2/14,New York,Rachel,itemD,570000,1
2018/2/14,New York,Rachel,itemE,11100,1
2018/2/14,New York,Rachel,itemB,160000,3
2018/2/14,New York,Rachel,itemF,67000,1
2018/2/14,New York,Rachel,itemB,160000,1
2018/2/14,New York,Rachel,itemB,160000,1
2018/2/14,New York,Rachel,itemE,11100,1
2018/2/14,New York,Rachel,itemD,570000,1
2018/2/14,New York,Rachel,itemB,160000,1
2018/2/14,New York,Rachel,itemB,160000,1
2018/2/14,New York,Rachel,itemA,290000,1
2018/2/14,New York,Rachel,itemD,570000,1
2018/2/14,New York,Rachel,itemD,570000,1
2018/2/14,New York,Rachel,itemI,1910,2
2018/2/14,New York,Rachel,itemH,3880,1
2018/2/14,New York,Rachel,itemI,1910,1
2018/2/14,New York,Rachel,itemC,14000,1
2018/2/14,New York,Rachel,itemI,1910,1
2018/2/14,New York,Rachel,itemE,11100,1
2018/2/14,New York,Rachel,itemA,290000,1
2018/2/14,New York,Rachel,itemB,160000,1
2018/2/14,New York,Rachel,itemB,160000,1
2018/2/14,New York,Rachel,itemB,160000,2
2018/2/14,New York,Rachel,itemE,11100,1
2018/2/14,New York,Rachel,itemB,160000,1
2018/2/14,New York,Rachel,itemF,67000,1
2018/2/14,New York,Rachel,itemB,160000,1
2018/2/14,New York,Rachel,itemF,67000,1
2018/2/14,New York,Rachel,itemB,160000,1
2018/2/14,New York,Rachel,itemF,67000,1
2018/2/14,New York,Rachel,itemB,160000,1
2018/2/14,New York,Rachel,itemE,11100,2
2018/2/14,New York,Rachel,itemB,160000,40
2018/2/14,New York,Rachel,itemB,160000,2
2018/2/14,New York,Rachel,itemB,160000,1
2018/2/14,New York,Rachel,itemB,160000,1
2018/2/14,New York,Rachel,itemB,160000,1
2018/2/14,New York,Rachel,itemF,67000,1
2018/2/14,New York,Rachel,itemA,290000,1
2018/2/14,New York,Rachel,itemF,67000,1
2018/2/14,New York,Rachel,itemF,67000,1
2018/2/14,New York,Rachel,itemF,67000,1
2018/2/14,New York,Rachel,itemF,67000,1
2018/2/14,New York,Rachel,itemF,67000,1
2018/2/14,New York,Rachel,itemF,67000,1
2018/2/14,New York,Rachel,itemB,160000,1
2018/2/14,New York,Rachel,itemF,67000,1
2018/2/14,New York,Rachel,itemF,67000,1
2018/2/14,New York,Rachel,itemF,67000,1
2018/2/14,New York,Rachel,itemF,67000,1
2018/2/14,New York,Rachel,itemF,67000,1
2018/2/15,San Francisco,Rachel,itemB,160000,1
2018/2/15,San Francisco,Rachel,itemA,290000,1
2018/2/15,San Francisco,Rachel,itemA,290000,1
2018/2/15,New York,Rachel,itemB,160000,1
2018/2/15,New York,Rachel,itemF,67000,1
2018/2/15,New York,Rachel,itemA,290000,1
2018/2/15,San Francisco,Rachel,itemG,65000,1
2018/2/15,New York,Rachel,itemB,160000,1
2018/2/15,New York,Rachel,itemB,160000,1
2018/2/15,New York,Rachel,itemB,160000,2
2018/2/15,San Francisco,Rachel,itemH,3880,1
2018/2/15,San Francisco,Rachel,itemH,3880,2
2018/2/15,San Francisco,Rachel,itemI,1910,1
2018/2/15,San Francisco,Rachel,itemH,3880,1
2018/2/15,San Francisco,Rachel,itemD,570000,1
2018/2/15,San Francisco,Rachel,itemD,570000,1
2018/2/15,San Francisco,Rachel,itemF,67000,1
2018/2/15,San Francisco,Rachel,itemF,67000,1
2018/2/15,San Francisco,Rachel,itemG,65000,1
2018/2/15,San Francisco,Rachel,itemF,67000,1
2018/2/15,San Francisco,Rachel,itemB,160000,2
2018/2/15,San Francisco,Rachel,itemF,67000,1
2018/2/15,San Francisco,Rachel,itemD,570000,1
2018/2/15,San Francisco,Rachel,itemE,11100,1
2018/2/15,San Francisco,Rachel,itemE,11100,1
2018/2/15,San Francisco,Rachel,itemE,11100,1
2018/2/15,San Francisco,Rachel,itemE,11100,1
2018/2/15,San Francisco,Rachel,itemE,11100,1
2018/2/15,New York,Rachel,itemG,65000,1
2018/2/15,New York,Rachel,itemF,67000,1
2018/2/15,New York,Rachel,itemF,67000,1
2018/2/15,New York,Rachel,itemF,67000,1
2018/2/15,New York,Rachel,itemF,67000,1
2018/2/15,New York,Rachel,itemG,65000,1
2018/2/15,New York,Rachel,itemF,67000,1
2018/2/15,New York,Rachel,itemF,67000,1
2018/2/15,New York,Rachel,itemF,67000,1
2018/2/15,New York,Rachel,itemF,67000,1
2018/2/15,New York,Rachel,itemB,160000,1
2018/2/15,New York,Rachel,itemB,160000,1
2018/2/15,New York,Rachel,itemF,67000,1
2018/2/15,New York,Rachel,itemF,67000,1
2018/2/15,New York,Rachel,itemF,67000,1
2018/2/15,New York,Rachel,itemF,67000,1
2018/2/15,New York,Rachel,itemB,160000,2
2018/2/15,New York,Rachel,itemF,67000,1
2018/2/15,New York,Rachel,itemB,160000,1
2018/2/15,San Francisco,Rachel,itemB,160000,1
2018/2/15,San Francisco,Rachel,itemF,67000,1
2018/2/15,San Francisco,Rachel,itemB,160000,1
2018/2/15,San Francisco,Rachel,itemB,160000,1
2018/2/15,San Francisco,Rachel,itemF,67000,1
2018/2/15,San Francisco,Rachel,itemB,160000,2
2018/2/15,San Francisco,Rachel,itemF,67000,1
2018/2/15,San Francisco,Rachel,itemF,67000,1
2018/2/15,San Francisco,Rachel,itemB,160000,4
2018/2/15,San Francisco,Rachel,itemF,67000,1
2018/2/15,San Francisco,Rachel,itemF,67000,1
2018/2/15,San Francisco,Rachel,itemF,67000,2
2018/2/15,San Francisco,Rachel,itemF,67000,2
2018/2/15,San Francisco,Rachel,itemF,67000,1
2018/2/15,San Francisco,Rachel,itemF,67000,1
2018/2/15,San Francisco,Rachel,itemF,67000,1
2018/2/15,San Francisco,Rachel,itemF,67000,1
2018/2/15,San Francisco,Rachel,itemB,160000,1
2018/2/15,San Francisco,Rachel,itemF,67000,1
2018/2/15,San Francisco,Rachel,itemF,67000,1
2018/2/15,San Francisco,Rachel,itemF,67000,1
2018/2/15,San Francisco,Rachel,itemF,67000,1
2018/2/15,San Francisco,Rachel,itemF,67000,1
2018/2/15,San Francisco,Rachel,itemB,160000,1
2018/2/15,San Francisco,Rachel,itemF,67000,1
2018/2/15,San Francisco,Rachel,itemF,67000,1
2018/2/15,San Francisco,Rachel,itemF,67000,1
2018/2/15,San Francisco,Rachel,itemF,67000,1
2018/2/15,San Francisco,Rachel,itemB,160000,2
2018/2/15,San Francisco,Rachel,itemF,67000,1
2018/2/15,San Francisco,Rachel,itemF,67000,1
2018/2/15,New York,Rachel,itemB,160000,6
2018/2/15,New York,Rachel,itemB,160000,1
2018/2/15,San Francisco,Rachel,itemF,67000,1
2018/2/15,San Francisco,Rachel,itemB,160000,1
2018/2/15,San Francisco,Rachel,itemF,67000,1
2018/2/15,San Francisco,Rachel,itemF,67000,1
2018/2/15,San Francisco,Rachel,itemB,160000,1
2018/2/15,San Francisco,Rachel,itemF,67000,2
2018/2/15,San Francisco,Rachel,itemF,67000,1
2018/2/15,San Francisco,Rachel,itemG,65000,1
2018/2/15,San Francisco,Rachel,itemG,65000,13
2018/2/15,San Francisco,Rachel,itemF,67000,1
2018/2/15,San Francisco,Rachel,itemB,160000,1
2018/2/15,San Francisco,Rachel,itemF,67000,1
2018/2/15,San Francisco,Rachel,itemB,160000,2
2018/2/15,San Francisco,Rachel,itemE,11100,1
2018/2/16,New York,Rachel,itemA,290000,1
2018/2/16,Chicago,Rachel,itemG,65000,1
2018/2/16,Chicago,Rachel,itemG,65000,1
2018/2/16,New York,Rachel,itemE,11100,1
2018/2/16,New York,Rachel,itemD,570000,1
2018/2/16,New York,Rachel,itemE,11100,1
2018/2/16,Chicago,Rachel,itemA,290000,1
2018/2/16,San Francisco,Rachel,itemD,570000,1
2018/2/16,San Francisco,Rachel,itemC,14000,1
2018/2/16,San Francisco,Rachel,itemI,1910,1
2018/2/16,San Francisco,Rachel,itemE,11100,1
2018/2/16,San Francisco,Rachel,itemE,11100,1
2018/2/16,San Francisco,Rachel,itemE,11100,1
2018/2/16,San Francisco,Rachel,itemE,11100,1
2018/2/16,San Francisco,Rachel,itemE,11100,1
2018/2/16,San Francisco,Rachel,itemD,570000,1
2018/2/16,San Francisco,Rachel,itemC,14000,1
2018/2/16,San Francisco,Rachel,itemC,14000,1
2018/2/16,San Francisco,Rachel,itemC,14000,1
2018/2/16,San Francisco,Rachel,itemD,570000,1
2018/2/16,New York,Rachel,itemI,1910,2
2018/2/16,New York,Rachel,itemE,11100,1
2018/2/16,New York,Rachel,itemE,11100,1
2018/2/16,New York,Rachel,itemE,11100,1
2018/2/16,New York,Rachel,itemA,290000,1
2018/2/16,New York,Rachel,itemA,290000,1
2018/2/16,San Francisco,Rachel,itemB,160000,1
2018/2/16,San Francisco,Rachel,itemF,67000,1
2018/2/16,San Francisco,Rachel,itemE,11100,1
2018/2/16,San Francisco,Rachel,itemE,11100,1
2018/2/16,San Francisco,Rachel,itemE,11100,1
2018/2/16,San Francisco,Rachel,itemE,11100,1
2018/2/16,San Francisco,Rachel,itemE,11100,1
2018/2/16,San Francisco,Rachel,itemA,290000,1
2018/2/16,San Francisco,Rachel,itemA,290000,1
2018/2/16,San Francisco,Rachel,itemA,290000,1
2018/2/16,San Francisco,Rachel,itemA,290000,1
2018/2/16,San Francisco,Rachel,itemA,290000,1
2018/2/16,San Francisco,Rachel,itemA,290000,1
2018/2/16,San Francisco,Rachel,itemD,570000,1
2018/2/16,San Francisco,Rachel,itemD,570000,1
2018/2/16,San Francisco,Rachel,itemC,14000,1
2018/2/16,New York,Rachel,itemB,160000,1
2018/2/16,San Francisco,Rachel,itemA,290000,1
2018/2/16,New York,Rachel,itemA,290000,1
2018/2/16,New York,Rachel,itemB,160000,1
2018/2/16,San Francisco,Rachel,itemA,290000,1
2018/2/16,New York,Rachel,itemD,570000,1
2018/2/16,New York,Rachel,itemD,570000,1
2018/2/16,New York,Rachel,itemA,290000,1
2018/2/16,San Francisco,Rachel,itemE,11100,1
2018/2/16,San Francisco,Rachel,itemE,11100,1
2018/2/16,San Francisco,Rachel,itemA,290000,1
2018/2/16,San Francisco,Rachel,itemA,290000,1
2018/2/16,San Francisco,Rachel,itemB,160000,1
2018/2/16,San Francisco,Rachel,itemB,160000,1
2018/2/16,New York,Rachel,itemE,11100,1
2018/2/16,New York,Rachel,itemA,290000,1
2018/2/16,New York,Rachel,itemG,65000,1
2018/2/16,New York,Rachel,itemE,11100,1
2018/2/16,New York,Rachel,itemE,11100,1
2018/2/16,New York,Rachel,itemA,290000,1
2018/2/16,New York,Rachel,itemE,11100,1
2018/2/16,New York,Rachel,itemE,11100,1
2018/2/16,New York,Rachel,itemE,11100,1
2018/2/16,San Francisco,Rachel,itemC,14000,1
2018/2/16,New York,Rachel,itemD,570000,1
2018/2/16,New York,Rachel,itemD,570000,1
2018/2/16,New York,Rachel,itemE,11100,1
2018/2/16,New York,Rachel,itemE,11100,1
2018/2/16,New York,Rachel,itemD,570000,1
2018/2/16,New York,Rachel,itemE,11100,1
2018/2/16,New York,Rachel,itemB,160000,1
2018/2/16,New York,Rachel,itemF,67000,1
2018/2/16,San Francisco,Rachel,itemG,65000,1
2018/2/16,San Francisco,Rachel,itemG,65000,1
2018/2/16,San Francisco,Rachel,itemG,65000,1
2018/2/16,New York,Rachel,itemE,11100,1
2018/2/16,New York,Rachel,itemD,570000,1
2018/2/16,New York,Rachel,itemE,11100,1
2018/2/16,New York,Rachel,itemD,570000,1
2018/2/16,New York,Rachel,itemF,67000,1
2018/2/16,San Francisco,Rachel,itemB,160000,1
2018/2/16,San Francisco,Rachel,itemB,160000,1
2018/2/16,San Francisco,Rachel,itemF,67000,1
2018/2/16,San Francisco,Rachel,itemE,11100,1
2018/2/16,San Francisco,Rachel,itemD,570000,1
2018/2/16,New York,Rachel,itemA,290000,1
2018/2/16,San Francisco,Rachel,itemD,570000,1
2018/2/16,San Francisco,Rachel,itemD,570000,1
2018/2/16,San Francisco,Rachel,itemB,160000,1
2018/2/16,San Francisco,Rachel,itemA,290000,1
2018/2/16,San Francisco,Rachel,itemD,570000,1
2018/2/16,San Francisco,Rachel,itemA,290000,1
2018/2/16,San Francisco,Rachel,itemD,570000,1
2018/2/16,San Francisco,Rachel,itemG,65000,1
2018/2/16,San Francisco,Rachel,itemG,65000,1
2018/2/16,San Francisco,Rachel,itemC,14000,1
2018/2/16,San Francisco,Rachel,itemA,290000,2
2018/2/16,San Francisco,Rachel,itemE,11100,1
2018/2/16,San Francisco,Rachel,itemA,290000,2
2018/2/16,San Francisco,Rachel,itemA,290000,1
2018/2/16,San Francisco,Rachel,itemE,11100,1
2018/2/17,San Francisco,Rachel,itemE,11100,1
2018/2/17,San Francisco,Rachel,itemE,11100,1
2018/2/17,San Francisco,Rachel,itemE,11100,1
2018/2/17,San Francisco,Rachel,itemE,11100,1
2018/2/17,San Francisco,Rachel,itemE,11100,1
2018/2/17,San Francisco,Rachel,itemE,11100,1
2018/2/17,San Francisco,Rachel,itemE,11100,1
2018/2/17,San Francisco,Rachel,itemE,11100,1
2018/2/17,San Francisco,Rachel,itemH,3880,1
2018/2/17,New York,Rachel,itemF,67000,1
2018/2/17,San Francisco,Rachel,itemB,160000,1
2018/2/17,New York,Rachel,itemA,290000,1
2018/2/17,New York,Rachel,itemB,160000,1
2018/2/17,New York,Rachel,itemB,160000,1
2018/2/17,New York,Rachel,itemB,160000,1
2018/2/17,New York,Rachel,itemB,160000,1
2018/2/17,New York,Rachel,itemB,160000,1
2018/2/17,San Francisco,Rachel,itemG,65000,1
2018/2/17,Chicago,Rachel,itemE,11100,1
2018/2/17,Chicago,Rachel,itemG,65000,1
2018/2/17,Chicago,Rachel,itemE,11100,1
2018/2/17,New York,Rachel,itemB,160000,1
2018/2/17,New York,Rachel,itemB,160000,1
2018/2/17,New York,Rachel,itemA,290000,1
2018/2/17,San Francisco,Rachel,itemE,11100,1
2018/2/17,San Francisco,Rachel,itemE,11100,1
2018/2/17,San Francisco,Rachel,itemE,11100,1
2018/2/17,San Francisco,Rachel,itemE,11100,1
2018/2/17,San Francisco,Rachel,itemE,11100,1
2018/2/17,San Francisco,Rachel,itemE,11100,1
2018/2/17,San Francisco,Rachel,itemE,11100,1
2018/2/17,San Francisco,Rachel,itemE,11100,1
2018/2/17,New York,Rachel,itemA,290000,1
2018/2/17,New York,Rachel,itemA,290000,1
2018/2/17,New York,Rachel,itemA,290000,1
2018/2/17,New York,Rachel,itemA,290000,1
2018/2/17,New York,Rachel,itemA,290000,1
2018/2/17,New York,Rachel,itemA,290000,1
2018/2/17,New York,Rachel,itemA,290000,1
2018/2/17,New York,Rachel,itemA,290000,1
2018/2/17,New York,Rachel,itemA,290000,1
2018/2/17,New York,Rachel,itemA,290000,1
2018/2/17,New York,Rachel,itemA,290000,1
2018/2/17,New York,Rachel,itemA,290000,1
2018/2/17,New York,Rachel,itemG,65000,1
2018/2/17,San Francisco,Rachel,itemB,160000,1
2018/2/17,San Francisco,Rachel,itemF,67000,1
2018/2/17,San Francisco,Rachel,itemB,160000,1
2018/2/17,New York,Rachel,itemB,160000,1
2018/2/17,New York,Rachel,itemB,160000,1
2018/2/17,New York,Rachel,itemF,67000,1
2018/2/17,New York,Rachel,itemF,67000,1
2018/2/17,San Francisco,Rachel,itemE,11100,1
2018/2/17,San Francisco,Rachel,itemE,11100,1
2018/2/17,Chicago,Rachel,itemC,14000,1
2018/2/17,New York,Rachel,itemD,570000,1
2018/2/17,New York,Rachel,itemE,11100,1
2018/2/17,New York,Rachel,itemF,67000,1
2018/2/17,New York,Rachel,itemD,570000,1
2018/2/17,New York,Rachel,itemD,570000,1
2018/2/17,New York,Rachel,itemA,290000,1
2018/2/17,New York,Rachel,itemB,160000,1
2018/2/17,New York,Rachel,itemB,160000,2
2018/2/17,New York,Rachel,itemF,67000,1
2018/2/17,New York,Rachel,itemE,11100,3
2018/2/17,New York,Rachel,itemE,11100,1
2018/2/17,New York,Rachel,itemA,290000,1
2018/2/17,San Francisco,Rachel,itemE,11100,1
2018/2/17,New York,Rachel,itemF,67000,1
2018/2/17,New York,Rachel,itemB,160000,1
2018/2/17,New York,Rachel,itemA,290000,1
2018/2/17,New York,Rachel,itemA,290000,1
2018/2/17,New York,Rachel,itemA,290000,1
2018/2/17,New York,Rachel,itemA,290000,1
2018/2/17,New York,Rachel,itemA,290000,1
2018/2/17,New York,Rachel,itemD,570000,1
2018/2/17,New York,Rachel,itemD,570000,1
2018/2/17,New York,Rachel,itemD,570000,1
2018/2/17,New York,Rachel,itemD,570000,1
2018/2/17,New York,Rachel,itemD,570000,1
2018/2/17,New York,Rachel,itemD,570000,1
2018/2/17,New York,Rachel,itemD,570000,1
2018/2/17,New York,Rachel,itemB,160000,1
2018/2/17,New York,Rachel,itemB,160000,1
2018/2/17,New York,Rachel,itemF,67000,1
2018/2/17,New York,Rachel,itemF,67000,1
2018/2/17,New York,Rachel,itemF,67000,1
2018/2/17,San Francisco,Rachel,itemD,570000,1
2018/2/17,San Francisco,Rachel,itemD,570000,1
2018/2/17,San Francisco,Rachel,itemD,570000,1
2018/2/17,San Francisco,Rachel,itemD,570000,1
2018/2/17,San Francisco,Rachel,itemD,570000,1
2018/2/17,San Francisco,Rachel,itemA,290000,1
2018/2/17,San Francisco,Rachel,itemA,290000,1
2018/2/17,San Francisco,Rachel,itemD,570000,1
2018/2/17,San Francisco,Rachel,itemB,160000,1
2018/2/17,Chicago,Rachel,itemA,290000,1
2018/2/17,San Francisco,Rachel,itemB,160000,1
2018/2/17,San Francisco,Rachel,itemB,160000,4
2018/2/17,San Francisco,Rachel,itemB,160000,2
2018/2/17,San Francisco,Rachel,itemA,290000,1
2018/2/17,San Francisco,Rachel,itemE,11100,1
2018/2/17,New York,Rachel,itemA,290000,1
2018/2/17,New York,Rachel,itemF,67000,1
2018/2/17,New York,Rachel,itemF,67000,1
2018/2/17,New York,Rachel,itemG,65000,1
2018/2/17,Chicago,Rachel,itemB,160000,1
2018/2/17,Chicago,Rachel,itemB,160000,1
2018/2/17,Chicago,Rachel,itemF,67000,1
2018/2/17,New York,Rachel,itemA,290000,1
2018/2/17,New York,Rachel,itemA,290000,1
2018/2/17,Chicago,Rachel,itemE,11100,1
2018/2/17,Chicago,Rachel,itemE,11100,1
2018/2/17,Chicago,Rachel,itemD,570000,1
2018/2/17,Chicago,Rachel,itemB,160000,1
2018/2/17,Chicago,Rachel,itemB,160000,1
2018/2/17,Chicago,Rachel,itemB,160000,1
2018/2/17,Chicago,Rachel,itemF,67000,1
2018/2/17,New York,Rachel,itemD,570000,1
2018/2/17,New York,Rachel,itemD,570000,1
2018/2/17,New York,Rachel,itemD,570000,1
2018/2/17,New York,Rachel,itemD,570000,1
2018/2/17,New York,Rachel,itemD,570000,1
2018/2/17,New York,Rachel,itemD,570000,1
2018/2/17,New York,Rachel,itemD,570000,1
2018/2/17,New York,Rachel,itemA,290000,1
2018/2/17,New York,Rachel,itemD,570000,1
2018/2/17,New York,Rachel,itemD,570000,1
2018/2/17,New York,Rachel,itemD,570000,1
2018/2/17,New York,Rachel,itemA,290000,1
2018/2/17,New York,Rachel,itemA,290000,1
2018/2/17,Chicago,Rachel,itemE,11100,1
2018/2/17,Chicago,Rachel,itemE,11100,1
2018/2/17,Chicago,Rachel,itemC,14000,1
2018/2/17,Chicago,Rachel,itemB,160000,1
2018/2/17,Chicago,Rachel,itemB,160000,1
2018/2/17,Chicago,Rachel,itemB,160000,1
2018/2/17,Chicago,Rachel,itemE,11100,1
2018/2/17,Chicago,Rachel,itemA,290000,1
2018/2/17,Chicago,Rachel,itemE,11100,1
2018/2/17,Chicago,Rachel,itemA,290000,1
2018/2/17,Chicago,Rachel,itemE,11100,1
2018/2/17,Chicago,Rachel,itemE,11100,1
2018/2/17,Chicago,Rachel,itemE,11100,1
2018/2/17,Chicago,Rachel,itemE,11100,1
2018/2/17,Chicago,Rachel,itemD,570000,1
2018/2/17,Chicago,Rachel,itemD,570000,1
2018/2/17,Chicago,Rachel,itemD,570000,1
2018/2/17,Chicago,Rachel,itemD,570000,1
2018/2/17,Chicago,Rachel,itemD,570000,1
2018/2/17,Chicago,Rachel,itemD,570000,1
2018/2/17,Chicago,Rachel,itemD,570000,1
2018/2/17,Chicago,Rachel,itemD,570000,1
2018/2/17,Chicago,Rachel,itemD,570000,1
2018/2/17,Chicago,Rachel,itemD,570000,1
2018/2/17,Chicago,Rachel,itemD,570000,1
2018/2/17,Chicago,Rachel,itemD,570000,1
2018/2/17,Chicago,Rachel,itemD,570000,1
2018/2/18,Chicago,Rachel,itemE,11100,1
2018/2/18,Chicago,Rachel,itemE,11100,1
2018/2/18,San Francisco,Rachel,itemA,290000,1
2018/2/18,New York,Rachel,itemF,67000,1
2018/2/18,New York,Rachel,itemF,67000,1
2018/2/18,New York,Rachel,itemF,67000,1
2018/2/18,San Francisco,Rachel,itemB,160000,1
2018/2/18,San Francisco,Rachel,itemB,160000,1
2018/2/18,New York,Rachel,itemA,290000,1
2018/2/18,New York,Rachel,itemA,290000,1
2018/2/18,New York,Rachel,itemA,290000,1
2018/2/18,New York,Rachel,itemG,65000,1
2018/2/18,New York,Rachel,itemG,65000,1
2018/2/18,San Francisco,Rachel,itemE,11100,1
2018/2/18,San Francisco,Rachel,itemA,290000,1
2018/2/18,New York,Rachel,itemI,1910,1
2018/2/18,New York,Rachel,itemC,14000,1
2018/2/18,New York,Rachel,itemC,14000,1
2018/2/18,San Francisco,Rachel,itemD,570000,1
2018/2/18,San Francisco,Rachel,itemD,570000,1
2018/2/18,New York,Rachel,itemD,570000,1
2018/2/18,New York,Rachel,itemA,290000,1
2018/2/18,New York,Rachel,itemA,290000,1
2018/2/18,New York,Rachel,itemG,65000,1
2018/2/18,New York,Rachel,itemG,65000,1
2018/2/18,New York,Rachel,itemD,570000,1
2018/2/18,San Francisco,Rachel,itemA,290000,1
2018/2/18,San Francisco,Rachel,itemE,11100,1
2018/2/18,San Francisco,Rachel,itemE,11100,1
2018/2/18,New York,Rachel,itemA,290000,1
2018/2/18,New York,Rachel,itemD,570000,1
2018/2/18,New York,Rachel,itemE,11100,1
2018/2/18,New York,Rachel,itemF,67000,1
2018/2/18,New York,Rachel,itemF,67000,1
2018/2/18,New York,Rachel,itemB,160000,1
2018/2/18,New York,Rachel,itemD,570000,1
2018/2/18,San Francisco,Rachel,itemD,570000,1
2018/2/18,New York,Rachel,itemB,160000,1
2018/2/18,New York,Rachel,itemA,290000,1
2018/2/18,San Francisco,Rachel,itemE,11100,1
2018/2/18,San Francisco,Rachel,itemE,11100,1
2018/2/18,San Francisco,Rachel,itemC,14000,1
2018/2/18,New York,Rachel,itemF,67000,1
2018/2/18,New York,Rachel,itemF,67000,1
2018/2/18,New York,Rachel,itemF,67000,1
2018/2/18,New York,Rachel,itemF,67000,1
2018/2/18,New York,Rachel,itemE,11100,1
2018/2/18,New York,Rachel,itemD,570000,1
2018/2/18,New York,Rachel,itemD,570000,1
2018/2/18,New York,Rachel,itemD,570000,1
2018/2/18,New York,Rachel,itemB,160000,1
2018/2/18,New York,Rachel,itemF,67000,1
2018/2/18,New York,Rachel,itemF,67000,1
2018/2/18,New York,Rachel,itemF,67000,1
2018/2/18,New York,Rachel,itemB,160000,1
2018/2/18,New York,Rachel,itemB,160000,1
2018/2/18,New York,Rachel,itemF,67000,1
2018/2/18,New York,Rachel,itemF,67000,1
2018/2/18,New York,Rachel,itemD,570000,1
2018/2/18,New York,Rachel,itemE,11100,1
2018/2/18,New York,Rachel,itemD,570000,1
2018/2/18,New York,Rachel,itemD,570000,1
2018/2/18,New York,Rachel,itemF,67000,1
2018/2/18,New York,Rachel,itemF,67000,1
2018/2/18,New York,Rachel,itemF,67000,1
2018/2/18,New York,Rachel,itemF,67000,1
2018/2/18,New York,Rachel,itemB,160000,1
2018/2/18,New York,Rachel,itemB,160000,1
2018/2/18,New York,Rachel,itemB,160000,2
2018/2/18,New York,Rachel,itemB,160000,1
2018/2/18,New York,Rachel,itemB,160000,2
2018/2/18,New York,Rachel,itemB,160000,4
2018/2/18,New York,Rachel,itemB,160000,2
2018/2/18,New York,Rachel,itemB,160000,2
2018/2/18,New York,Rachel,itemF,67000,1
2018/2/18,New York,Rachel,itemF,67000,1
2018/2/18,New York,Rachel,itemB,160000,2
2018/2/18,New York,Rachel,itemB,160000,2
2018/2/18,New York,Rachel,itemF,67000,1
2018/2/18,New York,Rachel,itemF,67000,1
2018/2/18,New York,Rachel,itemF,67000,1
2018/2/18,New York,Rachel,itemB,160000,1
2018/2/18,New York,Rachel,itemB,160000,4
2018/2/18,New York,Rachel,itemB,160000,28
2018/2/19,San Francisco,Rachel,itemA,290000,1
2018/2/19,San Francisco,Rachel,itemE,11100,1
2018/2/19,San Francisco,Rachel,itemB,160000,2
2018/2/19,San Francisco,Rachel,itemB,160000,1
2018/2/19,New York,Rachel,itemF,67000,1
2018/2/19,New York,Rachel,itemF,67000,1
2018/2/19,New York,Rachel,itemF,67000,1
2018/2/19,San Francisco,Rachel,itemH,3880,1
2018/2/19,New York,Rachel,itemE,11100,1
2018/2/19,San Francisco,Rachel,itemF,67000,1
2018/2/19,New York,Rachel,itemG,65000,1
2018/2/19,New York,Rachel,itemE,11100,1
2018/2/19,New York,Rachel,itemF,67000,1
2018/2/19,New York,Rachel,itemF,67000,1
2018/2/19,San Francisco,Rachel,itemE,11100,1
2018/2/19,San Francisco,Rachel,itemE,11100,1
2018/2/19,San Francisco,Rachel,itemD,570000,1
2018/2/19,San Francisco,Rachel,itemE,11100,1
2018/2/19,San Francisco,Rachel,itemA,290000,1
2018/2/19,San Francisco,Rachel,itemF,67000,1
2018/2/20,New York,Rachel,itemD,570000,1
2018/2/20,New York,Rachel,itemB,160000,1
2018/2/20,New York,Rachel,itemB,160000,1
2018/2/20,New York,Rachel,itemB,160000,1
2018/2/20,New York,Rachel,itemA,290000,1
2018/2/20,New York,Rachel,itemA,290000,1
2018/2/20,New York,Rachel,itemA,290000,1
2018/2/20,New York,Rachel,itemA,290000,1
2018/2/20,New York,Rachel,itemA,290000,1
2018/2/20,New York,Rachel,itemA,290000,1
2018/2/20,New York,Rachel,itemA,290000,1
2018/2/20,New York,Rachel,itemA,290000,1
2018/2/20,New York,Rachel,itemA,290000,1
2018/2/20,San Francisco,Rachel,itemG,65000,1
2018/2/20,New York,Rachel,itemF,67000,1
2018/2/20,San Francisco,Rachel,itemA,290000,1
2018/2/20,San Francisco,Rachel,itemB,160000,1
2018/2/20,San Francisco,Rachel,itemB,160000,1
2018/2/20,San Francisco,Rachel,itemD,570000,1
2018/2/20,San Francisco,Rachel,itemE,11100,1
2018/2/20,San Francisco,Rachel,itemD,570000,1
2018/2/20,San Francisco,Rachel,itemE,11100,1
2018/2/20,New York,Rachel,itemB,160000,4
2018/2/20,New York,Rachel,itemB,160000,1
2018/2/20,San Francisco,Rachel,itemB,160000,1
2018/2/20,San Francisco,Rachel,itemB,160000,1
2018/2/20,San Francisco,Rachel,itemB,160000,1
2018/2/20,San Francisco,Rachel,itemF,67000,1
2018/2/20,San Francisco,Rachel,itemF,67000,1
2018/2/20,San Francisco,Rachel,itemF,67000,1
2018/2/20,San Francisco,Rachel,itemF,67000,1
2018/2/20,San Francisco,Rachel,itemB,160000,1
2018/2/20,San Francisco,Rachel,itemF,67000,1
2018/2/20,San Francisco,Rachel,itemA,290000,1
2018/2/20,San Francisco,Rachel,itemF,67000,1
2018/2/20,San Francisco,Rachel,itemA,290000,1
2018/2/20,New York,Rachel,itemD,570000,1
2018/2/20,New York,Rachel,itemD,570000,1
2018/2/20,New York,Rachel,itemD,570000,1
2018/2/20,New York,Rachel,itemD,570000,1
2018/2/20,New York,Rachel,itemD,570000,1
2018/2/20,San Francisco,Rachel,itemE,11100,1
2018/2/20,San Francisco,Rachel,itemB,160000,1
2018/2/20,San Francisco,Rachel,itemB,160000,1
2018/2/20,San Francisco,Rachel,itemB,160000,1
2018/2/20,San Francisco,Rachel,itemB,160000,1
2018/2/20,San Francisco,Rachel,itemA,290000,1
2018/2/20,New York,Rachel,itemD,570000,1
2018/2/20,New York,Rachel,itemD,570000,1
2018/2/20,New York,Rachel,itemA,290000,1
2018/2/20,New York,Rachel,itemF,67000,1
2018/2/20,New York,Rachel,itemB,160000,7
2018/2/20,New York,Rachel,itemB,160000,1
2018/2/20,San Francisco,Rachel,itemE,11100,1
2018/2/20,San Francisco,Rachel,itemB,160000,1
2018/2/20,San Francisco,Rachel,itemB,160000,1
2018/2/20,San Francisco,Rachel,itemG,65000,1
2018/2/20,San Francisco,Rachel,itemE,11100,2
2018/2/20,San Francisco,Rachel,itemB,160000,2
2018/2/20,San Francisco,Rachel,itemE,11100,1
2018/2/21,Chicago,Rachel,itemF,67000,3
2018/2/21,Chicago,Rachel,itemC,14000,2
2018/2/21,Chicago,Rachel,itemE,11100,1
2018/2/21,Chicago,Rachel,itemE,11100,1
2018/2/21,Chicago,Rachel,itemF,67000,1
2018/2/21,New York,Rachel,itemB,160000,1
2018/2/21,New York,Rachel,itemB,160000,1
2018/2/21,New York,Rachel,itemB,160000,1
2018/2/21,New York,Rachel,itemB,160000,1
2018/2/21,New York,Rachel,itemB,160000,1
2018/2/21,New York,Rachel,itemG,65000,1
2018/2/21,New York,Rachel,itemD,570000,1
2018/2/21,New York,Rachel,itemE,11100,1
2018/2/21,Chicago,Rachel,itemA,290000,1
2018/2/21,Chicago,Rachel,itemE,11100,1
2018/2/21,Chicago,Rachel,itemG,65000,1
2018/2/21,Chicago,Rachel,itemE,11100,1
2018/2/21,San Francisco,Rachel,itemC,14000,2
2018/2/21,San Francisco,Rachel,itemE,11100,1
2018/2/21,San Francisco,Rachel,itemE,11100,1
2018/2/21,San Francisco,Rachel,itemD,570000,1
2018/2/21,New York,Rachel,itemG,65000,1
2018/2/21,Chicago,Rachel,itemE,11100,1
2018/2/21,San Francisco,Rachel,itemA,290000,1
2018/2/21,San Francisco,Rachel,itemE,11100,1
2018/2/21,New York,Rachel,itemD,570000,1
2018/2/21,New York,Rachel,itemD,570000,1
2018/2/21,New York,Rachel,itemA,290000,1
2018/2/21,San Francisco,Rachel,itemE,11100,1
2018/2/21,San Francisco,Rachel,itemE,11100,1
2018/2/21,New York,Rachel,itemD,570000,1
2018/2/21,San Francisco,Rachel,itemA,290000,1
2018/2/21,San Francisco,Rachel,itemA,290000,1
2018/2/21,San Francisco,Rachel,itemF,67000,1
2018/2/21,San Francisco,Rachel,itemB,160000,1
2018/2/21,San Francisco,Rachel,itemB,160000,1
2018/2/21,San Francisco,Rachel,itemF,67000,1
2018/2/21,New York,Rachel,itemA,290000,1
2018/2/21,New York,Rachel,itemG,65000,1
2018/2/21,New York,Rachel,itemB,160000,1
2018/2/21,New York,Rachel,itemE,11100,4
2018/2/21,New York,Rachel,itemE,11100,1
2018/2/21,New York,Rachel,itemD,570000,1
2018/2/21,New York,Rachel,itemD,570000,1
2018/2/21,New York,Rachel,itemE,11100,2
2018/2/21,New York,Rachel,itemC,14000,1
2018/2/21,New York,Rachel,itemC,14000,1
2018/2/21,New York,Rachel,itemC,14000,1
2018/2/21,New York,Rachel,itemC,14000,1
2018/2/21,New York,Rachel,itemC,14000,1
2018/2/21,New York,Rachel,itemD,570000,1
2018/2/21,New York,Rachel,itemC,14000,1
2018/2/21,New York,Rachel,itemC,14000,1
2018/2/21,New York,Rachel,itemA,290000,1
2018/2/21,New York,Rachel,itemD,570000,1
2018/2/21,New York,Rachel,itemB,160000,1
2018/2/21,New York,Rachel,itemE,11100,1
2018/2/21,San Francisco,Rachel,itemD,570000,1
2018/2/21,San Francisco,Rachel,itemD,570000,1
2018/2/21,San Francisco,Rachel,itemD,570000,1
2018/2/21,San Francisco,Rachel,itemD,570000,1
2018/2/21,San Francisco,Rachel,itemD,570000,1
2018/2/21,San Francisco,Rachel,itemE,11100,1
2018/2/21,San Francisco,Rachel,itemE,11100,1
2018/2/21,San Francisco,Rachel,itemA,290000,1
2018/2/21,San Francisco,Rachel,itemD,570000,1
2018/2/21,San Francisco,Rachel,itemE,11100,1
2018/2/21,San Francisco,Rachel,itemE,11100,1
2018/2/21,San Francisco,Rachel,itemE,11100,1
2018/2/21,San Francisco,Rachel,itemE,11100,1
2018/2/21,San Francisco,Rachel,itemE,11100,1
2018/2/21,San Francisco,Rachel,itemE,11100,2
2018/2/21,San Francisco,Rachel,itemC,14000,2
2018/2/21,San Francisco,Rachel,itemC,14000,1
2018/2/21,San Francisco,Rachel,itemC,14000,2
2018/2/21,San Francisco,Rachel,itemE,11100,1
2018/2/21,San Francisco,Rachel,itemE,11100,1
2018/2/21,San Francisco,Rachel,itemE,11100,1
2018/2/21,New York,Rachel,itemF,67000,1
2018/2/21,New York,Rachel,itemF,67000,1
2018/2/21,New York,Rachel,itemF,67000,1
2018/2/21,New York,Rachel,itemF,67000,1
2018/2/21,New York,Rachel,itemF,67000,1
2018/2/21,New York,Rachel,itemF,67000,1
2018/2/21,New York,Rachel,itemF,67000,1
2018/2/21,New York,Rachel,itemF,67000,1
2018/2/21,New York,Rachel,itemB,160000,1
2018/2/21,New York,Rachel,itemA,290000,1
2018/2/21,New York,Rachel,itemA,290000,1
2018/2/21,New York,Rachel,itemG,65000,1
2018/2/21,New York,Rachel,itemG,65000,1
2018/2/21,New York,Rachel,itemC,14000,1
2018/2/21,New York,Rachel,itemF,67000,1
2018/2/21,New York,Rachel,itemF,67000,1
2018/2/21,New York,Rachel,itemF,67000,1
2018/2/21,New York,Rachel,itemF,67000,1
2018/2/21,New York,Rachel,itemB,160000,1
2018/2/21,New York,Rachel,itemF,67000,1
2018/2/21,New York,Rachel,itemB,160000,1
2018/2/21,New York,Rachel,itemF,67000,1
2018/2/21,New York,Rachel,itemB,160000,1
2018/2/21,New York,Rachel,itemF,67000,1
2018/2/21,New York,Rachel,itemB,160000,1
2018/2/21,New York,Rachel,itemF,67000,1
2018/2/21,New York,Rachel,itemF,67000,1
2018/2/21,New York,Rachel,itemB,160000,1
2018/2/21,New York,Rachel,itemF,67000,1
2018/2/21,New York,Rachel,itemD,570000,1
2018/2/21,Chicago,Rachel,itemE,11100,1
2018/2/21,Chicago,Rachel,itemA,290000,1
2018/2/21,Chicago,Rachel,itemE,11100,1
2018/2/21,Chicago,Rachel,itemD,570000,1
2018/2/21,Chicago,Rachel,itemC,14000,1
2018/2/21,Chicago,Rachel,itemB,160000,1
2018/2/21,Chicago,Rachel,itemF,67000,1
2018/2/21,Chicago,Rachel,itemE,11100,1
2018/2/21,Chicago,Rachel,itemE,11100,1
2018/2/21,Chicago,Rachel,itemE,11100,1
2018/2/21,Chicago,Rachel,itemE,11100,1
2018/2/21,Chicago,Rachel,itemE,11100,1
2018/2/21,Chicago,Rachel,itemE,11100,1
2018/2/21,Chicago,Rachel,itemE,11100,1
2018/2/21,Chicago,Rachel,itemE,11100,1
2018/2/21,Chicago,Rachel,itemE,11100,1
2018/2/21,Chicago,Rachel,itemE,11100,1
2018/2/21,Chicago,Rachel,itemE,11100,1
2018/2/21,Chicago,Rachel,itemE,11100,1
2018/2/21,Chicago,Rachel,itemE,11100,1
2018/2/21,Chicago,Rachel,itemD,570000,1
2018/2/21,Chicago,Rachel,itemD,570000,1
2018/2/21,Chicago,Rachel,itemD,570000,1
2018/2/22,San Francisco,Hank,itemA,290000,1
2018/2/22,San Francisco,Hank,itemC,14000,1
2018/2/22,San Francisco,Hank,itemC,14000,1
2018/2/22,San Francisco,Hank,itemC,14000,1
2018/2/22,San Francisco,Hank,itemC,14000,1
2018/2/22,San Francisco,Hank,itemC,14000,1
2018/2/22,San Francisco,Hank,itemC,14000,1
2018/2/22,New York,Kory,itemE,11100,1
2018/2/22,New York,Kory,itemA,290000,1
2018/2/22,New York,Kory,itemA,290000,1
2018/2/22,New York,Kory,itemA,290000,1
2018/2/22,New York,Kory,itemA,290000,1
2018/2/22,New York,Kory,itemB,160000,1
2018/2/22,New York,Kory,itemF,67000,1
2018/2/22,New York,Rose,itemC,14000,1
2018/2/22,New York,Rose,itemA,290000,1
2018/2/22,New York,Kory,itemG,65000,1
2018/2/22,New York,Kory,itemA,290000,1
2018/2/22,New York,Kory,itemE,11100,1
2018/2/22,New York,Rose,itemA,290000,1
2018/2/22,New York,Rose,itemA,290000,1
2018/2/22,San Francisco,Richard,itemA,290000,1
2018/2/22,San Francisco,Richard,itemG,65000,1
2018/2/22,San Francisco,Richard,itemD,570000,1
2018/2/22,San Francisco,Richard,itemD,570000,1
2018/2/22,New York,Kory,itemA,290000,1
2018/2/22,New York,Kory,itemA,290000,1
2018/2/22,New York,Kory,itemF,67000,1
2018/2/22,New York,Kory,itemB,160000,2
2018/2/22,New York,Kory,itemB,160000,1
2018/2/22,New York,Kory,itemF,67000,1
2018/2/22,New York,Kory,itemD,570000,1
2018/2/22,New York,Kory,itemD,570000,1
2018/2/22,New York,Kory,itemD,570000,1
2018/2/22,San Francisco,Hank,itemA,290000,1
2018/2/22,San Francisco,Richard,itemF,67000,1
2018/2/22,San Francisco,Richard,itemF,67000,1
2018/2/22,San Francisco,Richard,itemA,290000,1
2018/2/22,San Francisco,Hank,itemD,570000,1
2018/2/22,San Francisco,Hank,itemA,290000,1
2018/2/22,San Francisco,Hank,itemA,290000,1
2018/2/22,New York,Kory,itemF,67000,1
2018/2/22,New York,Kory,itemH,3880,6
2018/2/22,New York,Kory,itemD,570000,1
2018/2/22,New York,Kory,itemE,11100,1
2018/2/22,New York,Kory,itemE,11100,1
2018/2/22,New York,Rose,itemB,160000,1
2018/2/22,New York,Rose,itemB,160000,1
2018/2/22,New York,Rose,itemB,160000,11
2018/2/22,New York,Rose,itemB,160000,1
2018/2/22,New York,Rose,itemD,570000,1
2018/2/22,New York,Rose,itemE,11100,1
2018/2/22,San Francisco,Richard,itemA,290000,1
2018/2/22,New York,Kory,itemD,570000,1
2018/2/22,New York,Kory,itemE,11100,1
2018/2/22,New York,Kory,itemE,11100,1
2018/2/22,New York,Kory,itemG,65000,1
2018/2/22,New York,Kory,itemE,11100,1
2018/2/22,New York,Kory,itemE,11100,1
2018/2/22,New York,Kory,itemE,11100,1
2018/2/22,New York,Kory,itemE,11100,1
2018/2/22,New York,Kory,itemE,11100,1
2018/2/22,San Francisco,Richard,itemE,11100,1
2018/2/22,San Francisco,Richard,itemD,570000,1
2018/2/22,San Francisco,Richard,itemA,290000,1
2018/2/22,New York,Rose,itemD,570000,1
2018/2/22,New York,Rose,itemB,160000,11
2018/2/22,New York,Rose,itemB,160000,1
2018/2/22,New York,Kory,itemB,160000,1
2018/2/14,New York,Dawn,itemB,160000,1
2018/2/22,New York,Kory,itemG,65000,1
2018/2/22,New York,Kory,itemA,290000,1
2018/2/22,San Francisco,Richard,itemE,11100,1
2018/2/22,San Francisco,Richard,itemE,11100,1
2018/2/22,San Francisco,Richard,itemE,11100,1
2018/2/22,New York,Kory,itemE,11100,1
2018/2/22,New York,Kory,itemE,11100,1
2018/2/22,New York,Kory,itemA,290000,1
2018/2/22,New York,Kory,itemD,570000,1
2018/2/22,New York,Kory,itemD,570000,1
2018/2/22,New York,Kory,itemD,570000,1
2018/2/22,San Francisco,Richard,itemA,290000,1
2018/2/22,San Francisco,Richard,itemE,11100,1
2018/2/22,San Francisco,Richard,itemE,11100,1
2018/2/22,San Francisco,Richard,itemA,290000,1
2018/2/23,Chicago,Donna,itemA,290000,1
2018/2/23,New York,Dawn,itemB,160000,2
2018/2/23,New York,Donna,itemF,67000,1
2018/2/23,New York,Dawn,itemH,3880,1
2018/2/23,New York,Dawn,itemG,65000,1
2018/2/23,New York,Dawn,itemG,65000,1
2018/2/23,New York,Dawn,itemE,11100,3
2018/2/23,New York,Dawn,itemE,11100,2
2018/2/23,New York,Dawn,itemE,11100,1
2018/2/23,New York,Dawn,itemA,290000,3
2018/2/23,New York,Dawn,itemF,67000,1
2018/2/23,New York,Dawn,itemE,11100,1
2018/2/23,New York,Dawn,itemB,160000,1
2018/2/23,New York,Dawn,itemA,290000,1
2018/2/23,New York,Dawn,itemF,67000,1
2018/2/23,New York,Dawn,itemF,67000,1
2018/2/23,New York,Donna,itemE,11100,1
2018/2/23,New York,Donna,itemE,11100,1
2018/2/23,New York,Donna,itemI,1910,1
2018/2/23,New York,Donna,itemB,160000,1
2018/2/23,New York,Donna,itemF,67000,1
2018/2/23,New York,Donna,itemB,160000,1
2018/2/23,New York,Donna,itemD,570000,1
2018/2/23,New York,Donna,itemF,67000,1
2018/2/23,New York,Donna,itemF,67000,1
2018/2/23,New York,Donna,itemB,160000,1
2018/2/23,San Francisco,Richard,itemD,570000,1
2018/2/23,San Francisco,Richard,itemD,570000,1
2018/2/23,New York,Donna,itemA,290000,1
2018/2/23,New York,Donna,itemD,570000,1
2018/2/23,New York,Donna,itemD,570000,1
2018/2/23,New York,Donna,itemE,11100,1
2018/2/23,New York,Donna,itemD,570000,1
2018/2/23,New York,Dawn,itemF,67000,1
2018/2/23,New York,Dawn,itemB,160000,1
2018/2/23,New York,Dawn,itemA,290000,1
2018/2/23,New York,Dawn,itemG,65000,1
2018/2/23,New York,Dawn,itemG,65000,1
2018/2/23,San Francisco,Richard,itemA,290000,1
2018/2/23,San Francisco,Richard,itemA,290000,1
2018/2/23,San Francisco,Richard,itemD,570000,1
2018/2/23,San Francisco,Richard,itemD,570000,1
2018/2/23,San Francisco,Richard,itemD,570000,1
2018/2/23,San Francisco,Richard,itemE,11100,1
2018/2/23,San Francisco,Richard,itemE,11100,1
2018/2/23,San Francisco,Richard,itemD,570000,1
2018/2/23,San Francisco,Richard,itemA,290000,1
2018/2/23,San Francisco,Richard,itemE,11100,1
2018/2/23,San Francisco,Richard,itemE,11100,1
2018/2/23,San Francisco,Richard,itemE,11100,1
2018/2/23,San Francisco,Richard,itemE,11100,1
2018/2/23,San Francisco,Richard,itemF,67000,1
2018/2/23,San Francisco,Richard,itemG,65000,1
2018/2/23,San Francisco,Richard,itemE,11100,1
2018/2/23,San Francisco,Richard,itemG,65000,1
2018/2/23,San Francisco,Richard,itemG,65000,1
2018/2/23,San Francisco,Richard,itemG,65000,1
2018/2/23,San Francisco,Richard,itemF,67000,1
2018/2/23,San Francisco,Richard,itemE,11100,1
2018/2/23,San Francisco,Richard,itemF,67000,1
2018/2/23,San Francisco,Richard,itemA,290000,1
2018/2/23,San Francisco,Richard,itemA,290000,1
2018/2/23,San Francisco,Richard,itemA,290000,1
2018/2/23,San Francisco,Richard,itemA,290000,1
2018/2/23,San Francisco,Richard,itemE,11100,1
2018/2/23,San Francisco,Richard,itemF,67000,1
2018/2/23,San Francisco,Richard,itemE,11100,1
2018/2/23,San Francisco,Richard,itemE,11100,1
2018/2/23,San Francisco,Richard,itemE,11100,1
2018/2/23,San Francisco,Richard,itemA,290000,1
2018/2/23,San Francisco,Richard,itemF,67000,1
2018/2/23,San Francisco,Richard,itemF,67000,1
2018/2/23,San Francisco,Richard,itemF,67000,1
2018/2/23,San Francisco,Richard,itemF,67000,1
2018/2/23,San Francisco,Richard,itemF,67000,1
2018/2/23,San Francisco,Richard,itemB,160000,1
2018/2/23,San Francisco,Richard,itemE,11100,2
2018/2/23,San Francisco,Richard,itemB,160000,1
2018/2/23,San Francisco,Richard,itemE,11100,1
2018/2/23,New York,Dawn,itemF,67000,1
2018/2/23,New York,Dawn,itemF,67000,1
2018/2/23,New York,Dawn,itemB,160000,1
2018/2/23,New York,Donna,itemG,65000,1
2018/2/23,New York,Donna,itemE,11100,1
2018/2/23,New York,Donna,itemB,160000,1
2018/2/23,New York,Donna,itemD,570000,1
2018/2/23,New York,Donna,itemB,160000,1
2018/2/23,New York,Donna,itemB,160000,1
2018/2/23,New York,Dawn,itemA,290000,1
2018/2/23,San Francisco,Richard,itemE,11100,1
2018/2/23,New York,Dawn,itemD,570000,1
2018/2/23,New York,Donna,itemE,11100,1
2018/2/23,New York,Donna,itemE,11100,1
2018/2/23,New York,Donna,itemE,11100,1
2018/2/23,New York,Donna,itemE,11100,1
2018/2/23,New York,Donna,itemE,11100,1
2018/2/23,New York,Donna,itemE,11100,1
2018/2/23,New York,Donna,itemD,570000,1
2018/2/23,San Francisco,Richard,itemA,290000,1
2018/2/23,San Francisco,Richard,itemD,570000,1
2018/2/23,San Francisco,Richard,itemD,570000,1
2018/2/23,San Francisco,Richard,itemD,570000,1
2018/2/23,San Francisco,Richard,itemA,290000,1
2018/2/24,San Francisco,Richard,itemD,570000,1
2018/2/24,Chicago,Dawn,itemD,570000,1
2018/2/24,San Francisco,Richard,itemD,570000,1
2018/2/21,San Francisco,Richard,itemC,14000,1
2018/2/24,Chicago,Dawn,itemE,11100,1
2018/2/24,New York,Donna,itemB,160000,1
2018/2/24,San Francisco,Richard,itemB,160000,1
2018/2/24,New York,Donna,itemB,160000,1
2018/2/24,San Francisco,Richard,itemE,11100,1
2018/2/24,New York,Donna,itemF,67000,1
2018/2/24,New York,Donna,itemB,160000,1
2018/2/24,New York,Donna,itemB,160000,1
2018/2/24,New York,Donna,itemB,160000,1
2018/2/24,New York,Donna,itemE,11100,1
2018/2/24,New York,Donna,itemE,11100,1
2018/2/24,New York,Donna,itemE,11100,1
2018/2/24,New York,Donna,itemE,11100,1
2018/2/24,San Francisco,Richard,itemB,160000,9
2018/2/24,San Francisco,Richard,itemB,160000,1
2018/2/24,San Francisco,Richard,itemB,160000,1
2018/2/24,San Francisco,Richard,itemF,67000,1
2018/2/24,San Francisco,Richard,itemB,160000,1
2018/2/24,San Francisco,Richard,itemB,160000,1
2018/2/24,San Francisco,Richard,itemF,67000,1
2018/2/24,San Francisco,Richard,itemB,160000,1
2018/2/24,San Francisco,Rose,itemE,11100,1
2018/2/24,San Francisco,Rose,itemE,11100,1
2018/2/24,San Francisco,Rose,itemE,11100,1
2018/2/24,San Francisco,Richard,itemC,14000,1
2018/2/24,San Francisco,Richard,itemC,14000,1
2018/2/24,San Francisco,Richard,itemD,570000,1
2018/2/24,New York,Donna,itemE,11100,1
2018/2/24,New York,Donna,itemF,67000,1
2018/2/24,New York,Donna,itemB,160000,1
2018/2/24,New York,Donna,itemF,67000,1
2018/2/24,New York,Donna,itemE,11100,1
2018/2/24,New York,Donna,itemE,11100,1
2018/2/24,New York,Donna,itemF,67000,1
2018/2/24,New York,Donna,itemI,1910,1
2018/2/24,New York,Donna,itemI,1910,1
2018/2/24,New York,Dawn,itemE,11100,1
2018/2/24,New York,Dawn,itemE,11100,1
2018/2/24,New York,Dawn,itemE,11100,4
2018/2/24,New York,Dawn,itemE,11100,4
2018/2/24,New York,Dawn,itemB,160000,2
2018/2/24,New York,Dawn,itemB,160000,1
2018/2/24,New York,Dawn,itemF,67000,2
2018/2/24,New York,Dawn,itemB,160000,1
2018/2/24,San Francisco,Rose,itemB,160000,1
2018/2/24,San Francisco,Richard,itemB,160000,1
2018/2/24,New York,Dawn,itemA,290000,1
2018/2/24,San Francisco,Richard,itemH,3880,1
2018/2/24,San Francisco,Richard,itemA,290000,1
2018/2/24,New York,Donna,itemB,160000,1
2018/2/24,New York,Donna,itemB,160000,1
2018/2/24,New York,Donna,itemE,11100,1
2018/2/24,New York,Donna,itemA,290000,1
2018/2/24,New York,Donna,itemA,290000,1
2018/2/24,San Francisco,Richard,itemD,570000,1
2018/2/24,New York,Dawn,itemA,290000,1
2018/2/24,New York,Donna,itemG,65000,1
2018/2/24,San Francisco,Richard,itemF,67000,1
2018/2/24,San Francisco,Richard,itemB,160000,1
2018/2/24,San Francisco,Richard,itemB,160000,1
2018/2/24,San Francisco,Richard,itemB,160000,1
2018/2/24,San Francisco,Richard,itemB,160000,1
2018/2/24,San Francisco,Richard,itemE,11100,2
2018/2/24,New York,Donna,itemD,570000,1
2018/2/24,New York,Donna,itemD,570000,1
2018/2/24,New York,Donna,itemD,570000,1
2018/2/24,New York,Dawn,itemE,11100,1
2018/2/24,New York,Dawn,itemD,570000,1
2018/2/24,New York,Dawn,itemC,14000,1
2018/2/24,San Francisco,Richard,itemD,570000,1
2018/2/24,San Francisco,Richard,itemD,570000,1
2018/2/24,San Francisco,Richard,itemC,14000,1
2018/2/24,San Francisco,Richard,itemC,14000,1
2018/2/24,San Francisco,Richard,itemA,290000,1
2018/2/24,San Francisco,Richard,itemD,570000,1
2018/2/24,New York,Dawn,itemA,290000,1
2018/2/24,New York,Donna,itemD,570000,1
2018/2/24,New York,Donna,itemD,570000,1
2018/2/24,New York,Donna,itemD,570000,1
2018/2/24,New York,Donna,itemE,11100,1
2018/2/24,New York,Donna,itemE,11100,1
2018/2/24,New York,Donna,itemE,11100,1
2018/2/24,San Francisco,Rose,itemD,570000,1
2018/2/24,San Francisco,Richard,itemG,65000,1
2018/2/24,San Francisco,Richard,itemB,160000,2
2018/2/24,San Francisco,Rose,itemD,570000,1
2018/2/24,San Francisco,Rose,itemD,570000,1
2018/2/24,San Francisco,Rose,itemD,570000,1
2018/2/24,San Francisco,Rose,itemD,570000,1
2018/2/24,San Francisco,Rose,itemE,11100,1
2018/2/24,San Francisco,Rose,itemF,67000,1
2018/2/24,San Francisco,Rose,itemE,11100,1
2018/2/24,San Francisco,Rose,itemA,290000,1
2018/2/24,San Francisco,Rose,itemB,160000,1
2018/2/24,New York,Donna,itemA,290000,1
2018/2/24,New York,Donna,itemD,570000,1
2018/2/24,New York,Dawn,itemE,11100,1
2018/2/24,New York,Dawn,itemE,11100,1
2018/2/24,New York,Dawn,itemD,570000,1
2018/2/24,San Francisco,Rose,itemA,290000,1
2018/2/24,San Francisco,Rose,itemA,290000,1
2018/2/24,San Francisco,Rose,itemE,11100,1
2018/2/24,San Francisco,Rose,itemG,65000,1
2018/2/24,San Francisco,Rose,itemD,570000,1
2018/2/24,New York,Donna,itemB,160000,1
2018/2/24,New York,Donna,itemB,160000,1
2018/2/24,New York,Donna,itemB,160000,1
2018/2/24,New York,Donna,itemF,67000,1
2018/2/24,New York,Donna,itemB,160000,1
2018/2/24,New York,Donna,itemB,160000,1
2018/2/24,New York,Donna,itemB,160000,1
2018/2/24,New York,Donna,itemB,160000,1
2018/2/24,New York,Donna,itemE,11100,1
2018/2/24,San Francisco,Rose,itemE,11100,1
2018/2/24,New York,Donna,itemE,11100,1
2018/2/24,New York,Donna,itemF,67000,1
2018/2/24,New York,Donna,itemB,160000,1
2018/2/24,New York,Donna,itemF,67000,1
2018/2/24,New York,Donna,itemB,160000,1
2018/2/24,New York,Donna,itemF,67000,1
2018/2/24,New York,Donna,itemB,160000,1
2018/2/24,New York,Donna,itemF,67000,1
2018/2/24,New York,Donna,itemF,67000,1
2018/2/24,San Francisco,Rose,itemD,570000,1
2018/2/24,San Francisco,Richard,itemD,570000,1
2018/2/24,San Francisco,Rose,itemF,67000,2
2018/2/25,New York,Donna,itemA,290000,1
2018/2/25,New York,Donna,itemA,290000,1
2018/2/25,New York,Donna,itemC,14000,1
2018/2/25,San Francisco,Hank,itemF,67000,1
2018/2/25,San Francisco,Hank,itemB,160000,1
2018/2/25,San Francisco,Hank,itemB,160000,1
2018/2/25,San Francisco,Hank,itemF,67000,1
2018/2/25,San Francisco,Hank,itemF,67000,1
2018/2/25,San Francisco,Hank,itemB,160000,1
2018/2/25,New York,Donna,itemE,11100,1
2018/2/25,New York,Donna,itemA,290000,1
2018/2/25,New York,Kory,itemD,570000,1
2018/2/25,New York,Kory,itemE,11100,1
2018/2/25,New York,Donna,itemE,11100,1
2018/2/25,New York,Donna,itemA,290000,1
2018/2/25,New York,Donna,itemF,67000,1
2018/2/25,New York,Donna,itemG,65000,1
2018/2/25,New York,Donna,itemE,11100,1
2018/2/25,New York,Donna,itemD,570000,1
2018/2/25,New York,Donna,itemD,570000,1
2018/2/25,New York,Donna,itemD,570000,1
2018/2/25,New York,Donna,itemD,570000,1
2018/2/25,New York,Donna,itemD,570000,1
2018/2/25,New York,Donna,itemE,11100,1
2018/2/25,New York,Donna,itemE,11100,1
2018/2/25,New York,Donna,itemE,11100,1
2018/2/25,New York,Donna,itemE,11100,1
2018/2/25,New York,Donna,itemF,67000,1
2018/2/25,New York,Donna,itemF,67000,1
2018/2/25,New York,Donna,itemE,11100,1
2018/2/25,New York,Donna,itemE,11100,1
2018/2/25,New York,Donna,itemE,11100,1
2018/2/25,New York,Donna,itemE,11100,1
2018/2/25,New York,Donna,itemE,11100,1
2018/2/25,New York,Donna,itemC,14000,1
2018/2/25,New York,Kory,itemE,11100,1
2018/2/25,New York,Kory,itemE,11100,1
2018/2/25,New York,Kory,itemA,290000,1
2018/2/25,New York,Kory,itemD,570000,1
2018/2/25,San Francisco,Hank,itemB,160000,1
2018/2/25,San Francisco,Hank,itemE,11100,1
2018/2/25,San Francisco,Hank,itemE,11100,1
2018/2/25,San Francisco,Hank,itemE,11100,1
2018/2/25,San Francisco,Hank,itemB,160000,1
2018/2/25,San Francisco,Hank,itemD,570000,1
2018/2/25,New York,Donna,itemE,11100,1
2018/2/25,New York,Donna,itemG,65000,1
2018/2/25,New York,Kory,itemD,570000,1
2018/2/25,New York,Kory,itemD,570000,1
2018/2/25,New York,Donna,itemD,570000,1
2018/2/25,New York,Donna,itemB,160000,1
2018/2/25,San Francisco,Hank,itemI,1910,1
2018/2/25,New York,Donna,itemE,11100,1
2018/2/25,New York,Donna,itemE,11100,1
2018/2/25,New York,Kory,itemD,570000,1
2018/2/25,New York,Kory,itemE,11100,1
2018/2/25,New York,Kory,itemE,11100,1
2018/2/25,New York,Kory,itemB,160000,1
2018/2/25,San Francisco,Hank,itemB,160000,1
2018/2/25,New York,Kory,itemF,67000,1
2018/2/25,New York,Kory,itemB,160000,1
2018/2/25,New York,Kory,itemB,160000,1
2018/2/25,New York,Kory,itemG,65000,1
2018/2/25,San Francisco,Hank,itemA,290000,1
2018/2/25,New York,Kory,itemD,570000,1
2018/2/26,New York,Kory,itemD,570000,1
2018/2/26,New York,Kory,itemG,65000,1
2018/2/26,Chicago,Dawn,itemD,570000,1
2018/2/26,San Francisco,Hank,itemG,65000,1
2018/2/26,San Francisco,Hank,itemB,160000,1
2018/2/26,San Francisco,Hank,itemB,160000,1
2018/2/26,San Francisco,Hank,itemE,11100,1
2018/2/26,New York,Kory,itemD,570000,1
2018/2/26,New York,Kory,itemB,160000,1
2018/2/26,San Francisco,Hank,itemB,160000,1
2018/2/26,San Francisco,Hank,itemA,290000,1
2018/2/26,New York,Dawn,itemG,65000,1
2018/2/26,New York,Dawn,itemB,160000,1
2018/2/26,New York,Dawn,itemB,160000,1
2018/2/26,New York,Dawn,itemE,11100,2
2018/2/26,San Francisco,Hank,itemE,11100,1
2018/2/26,San Francisco,Hank,itemE,11100,1
2018/2/26,San Francisco,Hank,itemB,160000,1
2018/2/26,New York,Kory,itemE,11100,1
2018/2/26,New York,Kory,itemE,11100,1
2018/2/26,New York,Kory,itemD,570000,1
2018/2/26,San Francisco,Hank,itemD,570000,1
2018/2/26,New York,Dawn,itemA,290000,1
2018/2/26,New York,Dawn,itemA,290000,1
2018/2/26,New York,Dawn,itemE,11100,1
2018/2/26,San Francisco,Hank,itemE,11100,1
2018/2/26,San Francisco,Hank,itemE,11100,1
2018/2/26,San Francisco,Hank,itemE,11100,1
2018/2/26,San Francisco,Hank,itemG,65000,1
2018/2/26,San Francisco,Hank,itemC,14000,1
2018/2/26,San Francisco,Hank,itemC,14000,1
2018/2/26,San Francisco,Hank,itemC,14000,1
2018/2/26,New York,Dawn,itemA,290000,1
2018/2/26,New York,Kory,itemA,290000,1
2018/2/26,New York,Kory,itemA,290000,1
2018/2/26,San Francisco,Richard,itemB,160000,1
2018/2/26,San Francisco,Richard,itemF,67000,1
2018/2/26,San Francisco,Richard,itemB,160000,1
2018/2/26,San Francisco,Richard,itemB,160000,1
2018/2/26,San Francisco,Richard,itemF,67000,1
2018/2/26,San Francisco,Richard,itemA,290000,1
2018/2/26,San Francisco,Richard,itemE,11100,1
2018/2/26,San Francisco,Richard,itemE,11100,1
2018/2/26,San Francisco,Richard,itemD,570000,1
2018/2/26,San Francisco,Richard,itemB,160000,1
2018/2/26,San Francisco,Hank,itemE,11100,1
2018/2/26,San Francisco,Hank,itemB,160000,1
2018/2/26,New York,Kory,itemD,570000,1
2018/2/26,New York,Kory,itemD,570000,1
2018/2/26,New York,Kory,itemE,11100,1
2018/2/26,New York,Kory,itemE,11100,1
2018/2/26,New York,Kory,itemE,11100,1
2018/2/26,New York,Kory,itemA,290000,1
2018/2/26,New York,Kory,itemA,290000,1
2018/2/26,New York,Dawn,itemD,570000,1
2018/2/26,New York,Dawn,itemD,570000,1
2018/2/26,New York,Dawn,itemG,65000,1
2018/2/26,New York,Dawn,itemG,65000,2
2018/2/26,New York,Dawn,itemG,65000,2
2018/2/26,New York,Dawn,itemG,65000,2
2018/2/26,New York,Dawn,itemD,570000,1
2018/2/26,New York,Dawn,itemD,570000,1
2018/2/26,New York,Dawn,itemE,11100,1
2018/2/26,San Francisco,Richard,itemE,11100,1
2018/2/26,San Francisco,Richard,itemA,290000,1
2018/2/26,San Francisco,Richard,itemB,160000,1
2018/2/26,San Francisco,Richard,itemB,160000,3
2018/2/26,San Francisco,Richard,itemF,67000,1
2018/2/26,San Francisco,Richard,itemE,11100,1
2018/2/26,San Francisco,Richard,itemF,67000,1
2018/2/26,San Francisco,Richard,itemB,160000,1
2018/2/26,San Francisco,Richard,itemC,14000,1
2018/2/26,San Francisco,Richard,itemC,14000,1
2018/2/26,San Francisco,Richard,itemC,14000,1
2018/2/27,New York,Dawn,itemG,65000,1
2018/2/27,New York,Dawn,itemG,65000,1
2018/2/27,New York,Dawn,itemB,160000,1
2018/2/27,New York,Dawn,itemG,65000,1
2018/2/27,New York,Dawn,itemB,160000,3
2018/2/27,New York,Kory,itemB,160000,1
2018/2/27,New York,Kory,itemB,160000,2
2018/2/27,New York,Kory,itemA,290000,1
2018/2/27,New York,Kory,itemD,570000,1
2018/2/27,New York,Kory,itemD,570000,1
2018/2/27,New York,Kory,itemE,11100,1
2018/2/27,New York,Kory,itemE,11100,1
2018/2/27,New York,Kory,itemC,14000,1
2018/2/27,New York,Kory,itemE,11100,1
2018/2/27,New York,Kory,itemE,11100,1
2018/2/27,New York,Kory,itemA,290000,1
2018/2/27,New York,Dawn,itemA,290000,1
2018/2/27,New York,Dawn,itemA,290000,1
2018/2/27,New York,Dawn,itemA,290000,1
2018/2/27,New York,Dawn,itemA,290000,1
2018/2/27,New York,Dawn,itemA,290000,1
2018/2/27,New York,Dawn,itemA,290000,1
2018/2/27,San Francisco,Richard,itemA,290000,1
2018/2/27,San Francisco,Richard,itemD,570000,1
2018/2/27,San Francisco,Richard,itemE,11100,1
2018/2/27,San Francisco,Richard,itemC,14000,1
2018/2/27,New York,Dawn,itemF,67000,1
2018/2/27,New York,Dawn,itemB,160000,1
2018/2/27,San Francisco,Richard,itemE,11100,1
2018/2/27,San Francisco,Richard,itemE,11100,1
2018/2/27,San Francisco,Richard,itemE,11100,1
2018/2/27,New York,Dawn,itemE,11100,1
2018/2/27,New York,Dawn,itemC,14000,1
2018/2/27,New York,Dawn,itemC,14000,1
2018/2/27,New York,Dawn,itemC,14000,1
2018/2/27,New York,Kory,itemE,11100,1
2018/2/27,New York,Kory,itemE,11100,1
2018/2/27,New York,Kory,itemE,11100,1
2018/2/27,New York,Kory,itemE,11100,1
2018/2/27,New York,Kory,itemE,11100,1
2018/2/27,New York,Kory,itemA,290000,1
2018/2/27,New York,Kory,itemF,67000,1
2018/2/27,New York,Dawn,itemD,570000,1
2018/2/27,New York,Dawn,itemD,570000,1
2018/2/27,New York,Dawn,itemG,65000,1
2018/2/27,New York,Dawn,itemE,11100,1
2018/2/27,New York,Kory,itemI,1910,1
2018/2/27,New York,Kory,itemD,570000,1
2018/2/27,New York,Kory,itemD,570000,1
2018/2/27,New York,Kory,itemD,570000,1
2018/2/27,New York,Kory,itemE,11100,1
2018/2/27,New York,Kory,itemE,11100,4
2018/2/27,New York,Kory,itemE,11100,1
2018/2/27,San Francisco,Richard,itemD,570000,1
2018/2/27,San Francisco,Richard,itemA,290000,1
2018/2/27,New York,Kory,itemG,65000,1
2018/2/27,New York,Kory,itemF,67000,1
2018/2/27,New York,Kory,itemF,67000,1
2018/2/27,New York,Kory,itemF,67000,1
2018/2/27,New York,Kory,itemF,67000,1
2018/2/27,New York,Kory,itemF,67000,1
2018/2/27,New York,Kory,itemF,67000,1
2018/2/27,New York,Dawn,itemB,160000,2
2018/2/27,New York,Dawn,itemB,160000,1
2018/2/27,New York,Dawn,itemF,67000,1
2018/2/27,New York,Dawn,itemB,160000,1
2018/2/27,New York,Dawn,itemB,160000,2
2018/2/27,New York,Dawn,itemB,160000,1
2018/2/27,New York,Dawn,itemF,67000,1
2018/2/27,New York,Dawn,itemF,67000,1
2018/2/27,New York,Dawn,itemF,67000,1
2018/2/27,New York,Dawn,itemB,160000,9
2018/2/27,New York,Dawn,itemG,65000,1
2018/2/28,New York,Dawn,itemA,290000,1
2018/2/28,New York,Dawn,itemD,570000,1
2018/2/28,New York,Dawn,itemE,11100,1
2018/2/28,New York,Dawn,itemA,290000,1
2018/2/28,San Francisco,Richard,itemB,160000,1
2018/2/28,San Francisco,Richard,itemF,67000,1
2018/2/28,Chicago,Donna,itemB,160000,1
2018/2/28,Chicago,Donna,itemG,65000,1
2018/2/28,New York,Dawn,itemB,160000,1
2018/2/28,New York,Dawn,itemE,11100,1
2018/2/28,New York,Dawn,itemE,11100,1
2018/2/28,New York,Dawn,itemE,11100,1
2018/2/28,New York,Dawn,itemE,11100,1
2018/2/28,New York,Dawn,itemD,570000,1
2018/2/28,New York,Dawn,itemE,11100,1
2018/2/28,New York,Dawn,itemD,570000,1
2018/2/28,New York,Dawn,itemE,11100,1
2018/2/28,New York,Dawn,itemD,570000,1
2018/2/28,New York,Dawn,itemD,570000,1
2018/2/28,New York,Dawn,itemD,570000,1
2018/2/28,New York,Dawn,itemD,570000,1
2018/2/28,New York,Dawn,itemD,570000,1
2018/2/28,New York,Dawn,itemD,570000,1
2018/2/28,New York,Dawn,itemD,570000,1
2018/2/28,New York,Dawn,itemC,14000,1
2018/2/28,New York,Dawn,itemC,14000,1
2018/2/28,New York,Dawn,itemC,14000,1
2018/2/28,New York,Dawn,itemB,160000,1
2018/2/28,New York,Dawn,itemF,67000,1
2018/2/28,San Francisco,Hank,itemA,290000,1
2018/2/28,San Francisco,Richard,itemA,290000,1
2018/2/28,New York,Dawn,itemB,160000,1
2018/2/28,New York,Dawn,itemF,67000,1
2018/2/28,New York,Donna,itemD,570000,1
2018/2/28,New York,Dawn,itemA,290000,1
2018/2/28,New York,Dawn,itemE,11100,1
2018/2/28,New York,Donna,itemC,14000,1
2018/2/28,New York,Donna,itemG,65000,1
2018/2/28,New York,Donna,itemE,11100,1
2018/2/28,New York,Donna,itemE,11100,1
2018/2/28,New York,Dawn,itemB,160000,10
2018/2/28,New York,Dawn,itemB,160000,2
2018/2/28,New York,Dawn,itemF,67000,1
2018/2/28,New York,Dawn,itemE,11100,1
2018/2/28,San Francisco,Hank,itemG,65000,1
2018/2/28,New York,Dawn,itemD,570000,1
2018/2/28,San Francisco,Hank,itemE,11100,1
2018/2/28,San Francisco,Hank,itemE,11100,1
2018/2/28,New York,Donna,itemB,160000,1
2018/2/28,New York,Dawn,itemD,570000,1
2018/2/28,New York,Dawn,itemD,570000,1
2018/2/28,New York,Dawn,itemG,65000,1
2018/2/28,New York,Dawn,itemH,3880,3
2018/2/28,New York,Dawn,itemE,11100,1
2018/2/28,New York,Donna,itemD,570000,1
2018/2/28,New York,Donna,itemD,570000,1
2018/2/28,New York,Donna,itemD,570000,1
2018/2/28,New York,Donna,itemD,570000,1
2018/2/28,San Francisco,Richard,itemE,11100,1
2018/2/28,San Francisco,Richard,itemE,11100,1
2018/2/28,San Francisco,Richard,itemG,65000,1
2018/2/28,San Francisco,Richard,itemF,67000,1
2018/2/28,New York,Dawn,itemA,290000,1
2018/2/28,San Francisco,Richard,itemB,160000,1
2018/2/28,San Francisco,Richard,itemD,570000,1
2018/2/7,San Francisco,Hank,itemF,67000,1
2018/2/15,New York,Kory,itemF,67000,1
2018/2/15,San Francisco,Richard,itemF,67000,1
2018/2/14,New York,Dawn,itemF,67000,1
2018/2/14,New York,Dawn,itemF,67000,1
2018/2/10,San Francisco,Rose,itemF,67000,1
2018/2/5,New York,Kory,itemF,67000,1
2018/2/7,San Francisco,Hank,itemF,67000,1
2018/2/12,San Francisco,Hank,itemF,67000,1
2018/2/1,San Francisco,Rose,itemF,67000,1
2018/2/7,New York,Dawn,itemB,160000,1
2018/2/22,New York,Kory,itemF,67000,1
2018/2/22,New York,Kory,itemF,67000,1
2018/2/22,New York,Kory,itemF,67000,1
2018/2/22,New York,Kory,itemF,67000,1
2018/2/22,New York,Kory,itemF,67000,1
2018/2/17,New York,Donna,itemB,160000,1
2018/2/20,San Francisco,Richard,itemH,3880,1
2018/2/27,New York,Kory,itemF,67000,1
2018/2/24,New York,Donna,itemF,67000,1
2018/2/25,San Francisco,Hank,itemF,67000,1
2018/2/14,New York,Dawn,itemF,67000,1
2018/2/9,New York,Kory,itemF,67000,1
2018/2/23,New York,Dawn,itemF,67000,1
2018/2/23,New York,Dawn,itemF,67000,1
2018/2/23,San Francisco,Richard,itemF,67000,1
2018/2/21,New York,Donna,itemF,67000,1
2018/2/17,New York,Donna,itemF,67000,1
2018/2/7,New York,Dawn,itemF,67000,1
2018/2/18,New York,Donna,itemF,67000,1
2018/2/21,New York,Donna,itemF,67000,1
2018/2/25,New York,Donna,itemF,67000,1
